architecture,model_family,shape_name,d_model,num_heads,num_kv_heads,head_dim,num_layers,d_ff,batch_size,seq_len,encoder_seq_len,decoder_seq_len,dtype,device,operation_key,count,avg_ms,min_ms,max_ms,std_ms,total_ms,pct_total
attention_microbench,self,t5_large,1024,16,16,64,1,4096,1,128,,128,float16,cuda,attn.apply_causal_mask,5,0.29575577937066555,0.29294006526470184,0.2990518696606159,0.002191210192054627,1.4787788968533278,18.53249191930787
attention_microbench,self,t5_large,1024,16,16,64,1,4096,1,128,,128,float16,cuda,attn.k_proj,5,0.19136620685458183,0.18097995780408382,0.21828897297382355,0.013866873174793709,0.9568310342729092,11.991287844679372
attention_microbench,self,t5_large,1024,16,16,64,1,4096,1,128,,128,float16,cuda,attn.matmul_qk,5,0.24108411744236946,0.23572798818349838,0.24846289306879044,0.004420664282198425,1.2054205872118473,15.106685211296085
attention_microbench,self,t5_large,1024,16,16,64,1,4096,1,128,,128,float16,cuda,attn.out_projection,5,0.19961497746407986,0.19470695406198502,0.20462577231228352,0.0036231226403909823,0.9980748873203993,12.508167937403297
attention_microbench,self,t5_large,1024,16,16,64,1,4096,1,128,,128,float16,cuda,attn.q_proj,5,0.19339444115757942,0.18389103934168816,0.2090740017592907,0.008476151297975461,0.9669722057878971,12.118379987766987
attention_microbench,self,t5_large,1024,16,16,64,1,4096,1,128,,128,float16,cuda,attn.softmax,5,0.11736159212887287,0.11090398766100407,0.1247599720954895,0.004544677241357223,0.5868079606443644,7.354049893441134
attention_microbench,self,t5_large,1024,16,16,64,1,4096,1,128,,128,float16,cuda,attn.v_proj,5,0.18918365240097046,0.18395506776869297,0.19467505626380444,0.004511766297294767,0.9459182620048523,11.854525774091702
attention_microbench,self,t5_large,1024,16,16,64,1,4096,1,128,,128,float16,cuda,attn.weighted_sum,5,0.16811625100672245,0.16187713481485844,0.17410004511475563,0.004489416316953726,0.8405812550336123,10.534411432013552
