architecture,model_family,shape_name,d_model,num_heads,num_kv_heads,head_dim,num_layers,d_ff,batch_size,seq_len,encoder_seq_len,decoder_seq_len,dtype,device,operation_key,count,avg_ms,min_ms,max_ms,std_ms,total_ms,pct_total
attention_microbench,self,gpt3_2p7b,2560,32,32,80,1,10240,1,4096,,4096,float16,cuda,attn.apply_causal_mask,5,57.656220672652125,57.47647816315293,57.71543504670262,0.09140495098537237,288.2811033632606,30.748761046546306
attention_microbench,self,gpt3_2p7b,2560,32,32,80,1,10240,1,4096,,4096,float16,cuda,attn.k_proj,5,3.014556597918272,2.8746509924530983,3.110024146735668,0.10731029316190191,15.07278298959136,1.60769955798795
attention_microbench,self,gpt3_2p7b,2560,32,32,80,1,10240,1,4096,,4096,float16,cuda,attn.matmul_qk,5,33.90355836600065,33.79244380630553,34.11081898957491,0.11349843742892832,169.51779183000326,18.081178451543423
attention_microbench,self,gpt3_2p7b,2560,32,32,80,1,10240,1,4096,,4096,float16,cuda,attn.out_projection,5,3.082173550501466,2.869179006665945,3.1777629628777504,0.1092868662399135,15.410867752507329,1.643760498046452
attention_microbench,self,gpt3_2p7b,2560,32,32,80,1,10240,1,4096,,4096,float16,cuda,attn.q_proj,5,3.0202393420040607,2.88767390884459,3.114535938948393,0.10301114222068261,15.101196710020304,1.6107302342609349
attention_microbench,self,gpt3_2p7b,2560,32,32,80,1,10240,1,4096,,4096,float16,cuda,attn.softmax,5,73.69512338191271,73.48377886228263,73.9335990510881,0.17459981739810154,368.47561690956354,39.30250218847628
attention_microbench,self,gpt3_2p7b,2560,32,32,80,1,10240,1,4096,,4096,float16,cuda,attn.v_proj,5,3.0659958254545927,2.925687003880739,3.149125026538968,0.07445326217299479,15.329979127272964,1.635132721269904
attention_microbench,self,gpt3_2p7b,2560,32,32,80,1,10240,1,4096,,4096,float16,cuda,attn.weighted_sum,5,10.069591784849763,9.883052902296185,10.169814107939601,0.09753265037758264,50.347958924248815,5.370235301868748
