architecture,model_family,shape_name,d_model,num_heads,num_kv_heads,head_dim,num_layers,d_ff,batch_size,seq_len,encoder_seq_len,decoder_seq_len,dtype,device,operation_key,count,avg_ms,min_ms,max_ms,std_ms,total_ms,pct_total
attention_microbench,self,bert_base,768,12,12,64,1,3072,1,8192,,8192,float16,cuda,attn.apply_causal_mask,5,76.60720283165574,73.13296105712652,90.43162316083908,6.912232510106617,383.0360141582787,38.10209127196116
attention_microbench,self,bert_base,768,12,12,64,1,3072,1,8192,,8192,float16,cuda,attn.k_proj,5,0.9181557688862085,0.8968778420239687,0.9518808219581842,0.02357985852960088,4.590778844431043,0.45666273685591346
attention_microbench,self,bert_base,768,12,12,64,1,3072,1,8192,,8192,float16,cuda,attn.matmul_qk,5,43.37501800619066,39.79796078056097,49.53424818813801,4.3971748082777085,216.8750900309533,21.573413907652988
attention_microbench,self,bert_base,768,12,12,64,1,3072,1,8192,,8192,float16,cuda,attn.out_projection,5,0.9415777400135994,0.9303789120167494,0.975622795522213,0.017188945035698636,4.707888700067997,0.4683121124848108
attention_microbench,self,bert_base,768,12,12,64,1,3072,1,8192,,8192,float16,cuda,attn.q_proj,5,0.9155577979981899,0.8903499692678452,0.9493210818618536,0.021821460091530798,4.57778898999095,0.4553705852012615
attention_microbench,self,bert_base,768,12,12,64,1,3072,1,8192,,8192,float16,cuda,attn.softmax,5,61.871783854439855,61.14032887853682,64.38130419701338,1.2600889452246427,309.3589192721993,30.773142321374166
attention_microbench,self,bert_base,768,12,12,64,1,3072,1,8192,,8192,float16,cuda,attn.v_proj,5,0.9199859574437141,0.8993728552013636,0.9420569986104965,0.01680663684347107,4.599929787218571,0.4575730169455836
attention_microbench,self,bert_base,768,12,12,64,1,3072,1,8192,,8192,float16,cuda,attn.weighted_sum,5,15.508456015959382,15.077724121510983,16.141018131747842,0.43809748519836594,77.54228007979691,7.713434047524119
