architecture,model_family,shape_name,d_model,num_heads,num_kv_heads,head_dim,num_layers,d_ff,batch_size,seq_len,encoder_seq_len,decoder_seq_len,dtype,device,operation_key,count,avg_ms,min_ms,max_ms,std_ms,total_ms,pct_total
attention_microbench,self,t5_base,768,12,12,64,1,3072,1,2048,,2048,float16,cuda,attn.apply_causal_mask,5,5.643234122544527,5.6007858365774155,5.802052095532417,0.07943671482252795,28.216170612722635,23.734848616484925
attention_microbench,self,t5_base,768,12,12,64,1,3072,1,2048,,2048,float16,cuda,attn.k_proj,5,0.3854511771351099,0.36074290983378887,0.41075400076806545,0.016909969816541942,1.9272558856755495,1.6211670718744957
attention_microbench,self,t5_base,768,12,12,64,1,3072,1,2048,,2048,float16,cuda,attn.matmul_qk,5,4.028942389413714,3.97920492105186,4.186198115348816,0.07909362657571982,20.144711947068572,16.945307534778618
attention_microbench,self,t5_base,768,12,12,64,1,3072,1,2048,,2048,float16,cuda,attn.out_projection,5,0.37009222432971,0.348198926076293,0.3909480292350054,0.01472807774452435,1.85046112164855,1.5565689333199444
attention_microbench,self,t5_base,768,12,12,64,1,3072,1,2048,,2048,float16,cuda,attn.q_proj,5,0.39311121217906475,0.36637415178120136,0.4487999249249697,0.029383095070088943,1.9655560608953238,1.653384372843618
attention_microbench,self,t5_base,768,12,12,64,1,3072,1,2048,,2048,float16,cuda,attn.softmax,5,11.345427762717009,11.2673279363662,11.442322982475162,0.07634839950625225,56.72713881358504,47.717674757030025
attention_microbench,self,t5_base,768,12,12,64,1,3072,1,2048,,2048,float16,cuda,attn.v_proj,5,0.382052781060338,0.36384607665240765,0.4119379445910454,0.016651150886063937,1.91026390530169,1.6068737757570561
attention_microbench,self,t5_base,768,12,12,64,1,3072,1,2048,,2048,float16,cuda,attn.weighted_sum,5,1.227842178195715,1.138478983193636,1.3691179919987917,0.10866219035422155,6.139210890978575,5.164174937911316
