architecture,model_family,shape_name,d_model,num_heads,num_kv_heads,head_dim,num_layers,d_ff,batch_size,seq_len,encoder_seq_len,decoder_seq_len,dtype,device,operation_key,count,avg_ms,min_ms,max_ms,std_ms,total_ms,pct_total
attention_microbench,self,bert_large,1024,16,16,64,1,4096,1,256,,256,float16,cuda,attn.apply_causal_mask,5,0.49817580729722977,0.4087630659341812,0.626696040853858,0.10259691379450142,2.490879036486149,19.905335524147926
attention_microbench,self,bert_large,1024,16,16,64,1,4096,1,256,,256,float16,cuda,attn.k_proj,5,0.2507803961634636,0.24432898499071598,0.2636879216879606,0.0076278768394999,1.253901980817318,10.02029375050353
attention_microbench,self,bert_large,1024,16,16,64,1,4096,1,256,,256,float16,cuda,attn.matmul_qk,5,0.32406682148575783,0.31405105255544186,0.3335699439048767,0.007096864495437951,1.6203341074287891,12.948558961373775
attention_microbench,self,bert_large,1024,16,16,64,1,4096,1,256,,256,float16,cuda,attn.out_projection,5,0.298916595056653,0.23978599347174168,0.490355072543025,0.09618010252958933,1.4945829752832651,11.943645257724306
attention_microbench,self,bert_large,1024,16,16,64,1,4096,1,256,,256,float16,cuda,attn.q_proj,5,0.2544798422604799,0.24263514205813408,0.2727760002017021,0.011407121105928073,1.2723992113023996,10.168110474511314
attention_microbench,self,bert_large,1024,16,16,64,1,4096,1,256,,256,float16,cuda,attn.softmax,5,0.4352122079581022,0.4267459735274315,0.443735858425498,0.005518951020837891,2.176061039790511,17.389533768432436
attention_microbench,self,bert_large,1024,16,16,64,1,4096,1,256,,256,float16,cuda,attn.v_proj,5,0.24920008145272732,0.23754709400236607,0.26023201644420624,0.008373077432610275,1.2460004072636366,9.957149988622326
attention_microbench,self,bert_large,1024,16,16,64,1,4096,1,256,,256,float16,cuda,attn.weighted_sum,5,0.19189324229955673,0.16715307720005512,0.22327597253024578,0.019652066371255848,0.9594662114977837,7.667372274684388
