architecture,model_family,shape_name,d_model,num_heads,num_kv_heads,head_dim,num_layers,d_ff,batch_size,seq_len,encoder_seq_len,decoder_seq_len,dtype,device,operation_key,count,avg_ms,min_ms,max_ms,std_ms,total_ms,pct_total
attention_microbench,self,bert_base,768,12,12,64,1,3072,1,256,,256,float16,cuda,attn.apply_causal_mask,5,0.34595150500535965,0.3378249239176512,0.35356683656573296,0.005088893182444984,1.7297575250267982,20.169485258205448
attention_microbench,self,bert_base,768,12,12,64,1,3072,1,256,,256,float16,cuda,attn.k_proj,5,0.19044564105570316,0.18180604092776775,0.20346813835203648,0.007811632024239056,0.9522282052785158,11.103263012840433
attention_microbench,self,bert_base,768,12,12,64,1,3072,1,256,,256,float16,cuda,attn.matmul_qk,5,0.2704957965761423,0.26371912099421024,0.2843891270458698,0.00748984900715111,1.3524789828807116,15.77030567149728
attention_microbench,self,bert_base,768,12,12,64,1,3072,1,256,,256,float16,cuda,attn.out_projection,5,0.18562092445790768,0.18241489306092262,0.19127782434225082,0.0029846332442302653,0.9281046222895384,10.821974887521401
attention_microbench,self,bert_base,768,12,12,64,1,3072,1,256,,256,float16,cuda,attn.q_proj,5,0.1921032089740038,0.18670200370252132,0.20142109133303165,0.005557209401814999,0.960516044870019,11.199901678112667
attention_microbench,self,bert_base,768,12,12,64,1,3072,1,256,,256,float16,cuda,attn.softmax,5,0.16783024184405804,0.16516796313226223,0.17134309746325016,0.002135955821739393,0.8391512092202902,9.784751734791097
attention_microbench,self,bert_base,768,12,12,64,1,3072,1,256,,256,float16,cuda,attn.v_proj,5,0.19034333527088165,0.18094293773174286,0.1970378216356039,0.0057502898626437945,0.9517166763544083,11.0972984340225
attention_microbench,self,bert_base,768,12,12,64,1,3072,1,256,,256,float16,cuda,attn.weighted_sum,5,0.17243162728846073,0.16056117601692677,0.19486108794808388,0.012530679321462417,0.8621581364423037,10.053019323009174
