architecture,model_family,shape_name,d_model,num_heads,num_kv_heads,head_dim,num_layers,d_ff,batch_size,seq_len,encoder_seq_len,decoder_seq_len,dtype,device,operation_key,count,avg_ms,min_ms,max_ms,std_ms,total_ms,pct_total
attention_microbench,self,bart_large,1024,16,16,64,1,4096,1,8192,,8192,float16,cuda,attn.apply_causal_mask,5,100.0071698334068,95.80510086379945,115.97067513503134,7.9837438768518325,500.03584916703403,38.179554977213655
attention_microbench,self,bart_large,1024,16,16,64,1,4096,1,8192,,8192,float16,cuda,attn.k_proj,5,1.2335973791778088,1.1219759471714497,1.304939854890108,0.07121147287356328,6.167986895889044,0.47094822337760983
attention_microbench,self,bart_large,1024,16,16,64,1,4096,1,8192,,8192,float16,cuda,attn.matmul_qk,5,55.32710156403482,52.86776693537831,64.8867969866842,4.780547478623081,276.6355078201741,21.122126737640446
attention_microbench,self,bart_large,1024,16,16,64,1,4096,1,8192,,8192,float16,cuda,attn.out_projection,5,1.292684767395258,1.2875651009380817,1.29895587451756,0.003858557222961002,6.46342383697629,0.4935059078982899
attention_microbench,self,bart_large,1024,16,16,64,1,4096,1,8192,,8192,float16,cuda,attn.q_proj,5,1.3064246159046888,1.272877911105752,1.3481371570378542,0.03067950077507835,6.532123079523444,0.4987513448246449
attention_microbench,self,bart_large,1024,16,16,64,1,4096,1,8192,,8192,float16,cuda,attn.softmax,5,81.91079376265407,81.66393102146685,82.81985088251531,0.45465613806643573,409.55396881327033,31.270934462978857
attention_microbench,self,bart_large,1024,16,16,64,1,4096,1,8192,,8192,float16,cuda,attn.v_proj,5,1.1600470170378685,1.0847938247025013,1.2673430610448122,0.08555090430223251,5.8002350851893425,0.442869035659433
attention_microbench,self,bart_large,1024,16,16,64,1,4096,1,8192,,8192,float16,cuda,attn.weighted_sum,5,19.70124738290906,19.451099913567305,19.7845830116421,0.12819059949907122,98.5062369145453,7.521309310407064
