architecture,model_family,shape_name,d_model,num_heads,num_kv_heads,head_dim,num_layers,d_ff,batch_size,seq_len,encoder_seq_len,decoder_seq_len,dtype,device,operation_key,count,avg_ms,min_ms,max_ms,std_ms,total_ms,pct_total
attention_microbench,self,bert_large,1024,16,16,64,1,4096,1,1024,,1024,float16,cuda,attn.apply_causal_mask,5,3.393949195742607,3.3403728157281876,3.461546031758189,0.040800400747920816,16.969745978713036,29.291939928178333
attention_microbench,self,bert_large,1024,16,16,64,1,4096,1,1024,,1024,float16,cuda,attn.k_proj,5,0.5609484389424324,0.5208170041441917,0.5994350649416447,0.03068457718589151,2.804742194712162,4.84134176107251
attention_microbench,self,bert_large,1024,16,16,64,1,4096,1,1024,,1024,float16,cuda,attn.matmul_qk,5,3.101502312347293,3.0568791553378105,3.1436230055987835,0.032632601117256514,15.507511561736465,26.767937344007603
attention_microbench,self,bert_large,1024,16,16,64,1,4096,1,1024,,1024,float16,cuda,attn.out_projection,5,0.5810744594782591,0.5337770562618971,0.631591072306037,0.03982502815148621,2.9053722973912954,5.015042117361941
attention_microbench,self,bert_large,1024,16,16,64,1,4096,1,1024,,1024,float16,cuda,attn.q_proj,5,0.556718185544014,0.5125300958752632,0.616264995187521,0.039163225744476525,2.78359092772007,4.804831984030803
attention_microbench,self,bert_large,1024,16,16,64,1,4096,1,1024,,1024,float16,cuda,attn.softmax,5,1.9356351345777512,1.9276998937129974,1.947249984368682,0.007451142126314008,9.678175672888756,16.705762171114955
attention_microbench,self,bert_large,1024,16,16,64,1,4096,1,1024,,1024,float16,cuda,attn.v_proj,5,0.575647596269846,0.5199848674237728,0.6653170567005873,0.048454471846723315,2.87823798134923,4.968204836680579
attention_microbench,self,bert_large,1024,16,16,64,1,4096,1,1024,,1024,float16,cuda,attn.weighted_sum,5,0.8811563719063997,0.8405649568885565,0.9346040897071362,0.03200128271241594,4.405781859531999,7.604939857553274
