architecture,model_family,shape_name,d_model,num_heads,num_kv_heads,head_dim,num_layers,d_ff,batch_size,seq_len,encoder_seq_len,decoder_seq_len,dtype,device,operation_key,count,avg_ms,min_ms,max_ms,std_ms,total_ms,pct_total
attention_microbench,self,t5_base,768,12,12,64,1,3072,1,8192,,8192,float16,cuda,attn.apply_causal_mask,5,76.30874700844288,73.19468399509788,88.71557400561869,6.2034186833942035,381.5437350422144,38.15726363466762
attention_microbench,self,t5_base,768,12,12,64,1,3072,1,8192,,8192,float16,cuda,attn.k_proj,5,0.9270838461816311,0.8978571277111769,0.9527970105409622,0.021287924899969494,4.635419230908155,0.46357703562188246
attention_microbench,self,t5_base,768,12,12,64,1,3072,1,8192,,8192,float16,cuda,attn.matmul_qk,5,42.63683380559087,39.81580515392125,48.439676873385906,3.5773170467773734,213.18416902795434,21.32003173748138
attention_microbench,self,t5_base,768,12,12,64,1,3072,1,8192,,8192,float16,cuda,attn.out_projection,5,0.9420266374945641,0.9272629395127296,0.9754830971360207,0.01710289565446828,4.71013318747282,0.4710489972241654
attention_microbench,self,t5_base,768,12,12,64,1,3072,1,8192,,8192,float16,cuda,attn.q_proj,5,0.9165117982774973,0.8971220813691616,0.9469089563935995,0.019134912007091043,4.5825589913874865,0.45829061126227744
attention_microbench,self,t5_base,768,12,12,64,1,3072,1,8192,,8192,float16,cuda,attn.softmax,5,61.82166640646756,61.141667887568474,64.24564216285944,1.2166415336652114,309.1083320323378,30.913174647528432
attention_microbench,self,t5_base,768,12,12,64,1,3072,1,8192,,8192,float16,cuda,attn.v_proj,5,0.9140798356384039,0.8967691101133823,0.9330541361123323,0.01570238895798812,4.5703991781920195,0.4570745378341647
attention_microbench,self,t5_base,768,12,12,64,1,3072,1,8192,,8192,float16,cuda,attn.weighted_sum,5,15.517902141436934,15.11359796859324,16.259981086477637,0.42682442797128956,77.58951070718467,7.759538798380079
