architecture,model_family,shape_name,d_model,num_heads,num_kv_heads,head_dim,num_layers,d_ff,batch_size,seq_len,encoder_seq_len,decoder_seq_len,dtype,device,operation_key,count,avg_ms,min_ms,max_ms,std_ms,total_ms,pct_total
attention_microbench,self,gpt3_2p7b,2560,32,32,80,1,10240,1,2048,,2048,float16,cuda,attn.apply_causal_mask,5,14.8525336291641,14.651718083769083,15.21199312992394,0.1994478045110121,74.2626681458205,20.871900131578755
attention_microbench,self,gpt3_2p7b,2560,32,32,80,1,10240,1,2048,,2048,float16,cuda,attn.k_proj,5,1.84486941434443,1.5924160834401846,2.567986026406288,0.3721879359600861,9.22434707172215,2.5925496035499123
attention_microbench,self,gpt3_2p7b,2560,32,32,80,1,10240,1,2048,,2048,float16,cuda,attn.matmul_qk,5,8.610808569937944,8.526674937456846,8.746784878894687,0.09023962882407358,43.05404284968972,12.100557454452442
attention_microbench,self,gpt3_2p7b,2560,32,32,80,1,10240,1,2048,,2048,float16,cuda,attn.out_projection,5,1.870947191491723,1.6102390363812447,2.4762169923633337,0.31690376193424635,9.354735957458615,2.6291960622526287
attention_microbench,self,gpt3_2p7b,2560,32,32,80,1,10240,1,2048,,2048,float16,cuda,attn.q_proj,5,1.8844690173864365,1.5976629219949245,2.529365010559559,0.3384024215909696,9.422345086932182,2.648197951540856
attention_microbench,self,gpt3_2p7b,2560,32,32,80,1,10240,1,2048,,2048,float16,cuda,attn.softmax,5,37.35752138309181,34.014416858553886,50.30376394279301,6.473708731041431,186.78760691545904,52.49760579165864
attention_microbench,self,gpt3_2p7b,2560,32,32,80,1,10240,1,2048,,2048,float16,cuda,attn.v_proj,5,1.7892002128064632,1.596319954842329,2.322085900232196,0.2801630309147947,8.946001064032316,2.5143190441102994
attention_microbench,self,gpt3_2p7b,2560,32,32,80,1,10240,1,2048,,2048,float16,cuda,attn.weighted_sum,5,2.9500793665647507,2.654090989381075,3.654554020613432,0.3640814805010242,14.750396832823753,4.145673960856465
