architecture,model_family,shape_name,d_model,num_heads,num_kv_heads,head_dim,num_layers,d_ff,batch_size,seq_len,encoder_seq_len,decoder_seq_len,dtype,device,operation_key,count,avg_ms,min_ms,max_ms,std_ms,total_ms,pct_total
attention_microbench,self,bert_base,768,12,12,64,1,3072,1,2048,,2048,float16,cuda,attn.apply_causal_mask,5,6.63739163428545,5.607126047834754,10.300736874341965,1.8344683363531828,33.18695817142725,21.11153981374569
attention_microbench,self,bert_base,768,12,12,64,1,3072,1,2048,,2048,float16,cuda,attn.k_proj,5,0.44582076370716095,0.28160586953163147,0.8116678800433874,0.18685122179040883,2.2291038185358047,1.418021313399791
attention_microbench,self,bert_base,768,12,12,64,1,3072,1,2048,,2048,float16,cuda,attn.matmul_qk,5,5.099934199824929,3.9217460434883833,9.082481963559985,1.9960666064526043,25.499670999124646,16.221351675397745
attention_microbench,self,bert_base,768,12,12,64,1,3072,1,2048,,2048,float16,cuda,attn.out_projection,5,0.45574624091386795,0.35215914249420166,0.8300670888274908,0.1873088930754246,2.2787312045693398,1.4495912611692476
attention_microbench,self,bert_base,768,12,12,64,1,3072,1,2048,,2048,float16,cuda,attn.q_proj,5,0.4538200329989195,0.3013480454683304,0.8354741148650646,0.19309530357877067,2.2691001649945974,1.4434645750662414
attention_microbench,self,bert_base,768,12,12,64,1,3072,1,2048,,2048,float16,cuda,attn.softmax,5,16.38864311389625,11.217898922041059,24.709027027711272,6.157795094967819,81.94321556948125,52.12732812164962
attention_microbench,self,bert_base,768,12,12,64,1,3072,1,2048,,2048,float16,cuda,attn.v_proj,5,0.4459105432033539,0.2730309497565031,0.8186439517885447,0.19112149100636333,2.2295527160167694,1.418306874884297
attention_microbench,self,bert_base,768,12,12,64,1,3072,1,2048,,2048,float16,cuda,attn.weighted_sum,5,1.512371189892292,1.1402780655771494,2.3066969588398933,0.40722827255354577,7.56185594946146,4.810396364687366
