architecture,model_family,shape_name,d_model,num_heads,num_kv_heads,head_dim,num_layers,d_ff,batch_size,seq_len,encoder_seq_len,decoder_seq_len,dtype,device,operation_key,count,avg_ms,min_ms,max_ms,std_ms,total_ms,pct_total
attention_microbench,self,bert_base,768,12,12,64,1,3072,1,4096,,4096,float16,cuda,attn.apply_causal_mask,5,22.909517167136073,22.483520908281207,23.76970904879272,0.5200132278363363,114.54758583568037,32.22208592940354
attention_microbench,self,bert_base,768,12,12,64,1,3072,1,4096,,4096,float16,cuda,attn.k_proj,5,0.523752998560667,0.4567890428006649,0.7472271099686623,0.11204952448458556,2.618764992803335,0.7366551639776138
attention_microbench,self,bert_base,768,12,12,64,1,3072,1,4096,,4096,float16,cuda,attn.matmul_qk,5,13.159423228353262,12.870074016973376,13.788548996672034,0.3226510439462826,65.79711614176631,18.508642628822155
attention_microbench,self,bert_base,768,12,12,64,1,3072,1,4096,,4096,float16,cuda,attn.out_projection,5,0.7504841778427362,0.7199659012258053,0.7966619450598955,0.02583629581059496,3.752420889213681,1.0555510834508537
attention_microbench,self,bert_base,768,12,12,64,1,3072,1,4096,,4096,float16,cuda,attn.q_proj,5,0.5162721965461969,0.45467796735465527,0.7427150849252939,0.11329566743250517,2.5813609827309847,0.7261334649137463
attention_microbench,self,bert_base,768,12,12,64,1,3072,1,4096,,4096,float16,cuda,attn.softmax,5,28.689283784478903,27.75730495341122,31.050696969032288,1.28212495750297,143.4464189223945,40.351289842224375
attention_microbench,self,bert_base,768,12,12,64,1,3072,1,4096,,4096,float16,cuda,attn.v_proj,5,0.5250137764960527,0.45838882215321064,0.7659140974283218,0.12055096475124395,2.6250688824802637,0.7384284398906553
attention_microbench,self,bert_base,768,12,12,64,1,3072,1,4096,,4096,float16,cuda,attn.weighted_sum,5,4.025054955855012,4.008620977401733,4.036489874124527,0.00913795719003899,20.12527477927506,5.66121344731706
