architecture,model_family,shape_name,d_model,num_heads,num_kv_heads,head_dim,num_layers,d_ff,batch_size,seq_len,encoder_seq_len,decoder_seq_len,dtype,device,operation_key,count,avg_ms,min_ms,max_ms,std_ms,total_ms,pct_total
attention_microbench,self,bart_large,1024,16,16,64,1,4096,1,128,,128,float16,cuda,attn.apply_causal_mask,5,0.2937787212431431,0.2883649431169033,0.2979638520628214,0.003950709589061265,1.4688936062157154,18.477615092080548
attention_microbench,self,bart_large,1024,16,16,64,1,4096,1,128,,128,float16,cuda,attn.k_proj,5,0.18762918189167976,0.1798919402062893,0.20049908198416233,0.007347400343439383,0.9381459094583988,11.801194410425149
attention_microbench,self,bart_large,1024,16,16,64,1,4096,1,128,,128,float16,cuda,attn.matmul_qk,5,0.24086753837764263,0.23608095943927765,0.2506398595869541,0.005658963883482073,1.2043376918882132,15.149693767764333
attention_microbench,self,bart_large,1024,16,16,64,1,4096,1,128,,128,float16,cuda,attn.out_projection,5,0.20104926079511642,0.19780988804996014,0.20465906709432602,0.002624586084205617,1.0052463039755821,12.645268655944864
attention_microbench,self,bart_large,1024,16,16,64,1,4096,1,128,,128,float16,cuda,attn.q_proj,5,0.1886530313640833,0.18443609587848186,0.1917630434036255,0.002914855763401129,0.9432651568204165,11.865590825465858
attention_microbench,self,bart_large,1024,16,16,64,1,4096,1,128,,128,float16,cuda,attn.softmax,5,0.12060641311109066,0.11538504622876644,0.1275429967790842,0.004429518233580041,0.6030320655554533,7.585705559861765
attention_microbench,self,bart_large,1024,16,16,64,1,4096,1,128,,128,float16,cuda,attn.v_proj,5,0.19007353112101555,0.1784518826752901,0.21502492018043995,0.013008290603493972,0.9503676556050777,11.954935103485452
attention_microbench,self,bart_large,1024,16,16,64,1,4096,1,128,,128,float16,cuda,attn.weighted_sum,5,0.16725920140743256,0.16418099403381348,0.17022807151079178,0.0021219057793394475,0.8362960070371628,10.519996584972032
