architecture,model_family,shape_name,d_model,num_heads,num_kv_heads,head_dim,num_layers,d_ff,batch_size,seq_len,encoder_seq_len,decoder_seq_len,dtype,device,operation_key,count,avg_ms,min_ms,max_ms,std_ms,total_ms,pct_total
attention_microbench,self,bert_base,768,12,12,64,1,3072,1,128,,128,float16,cuda,attn.apply_causal_mask,5,0.29448741115629673,0.29005296528339386,0.2981480211019516,0.0036019393725348517,1.4724370557814837,18.940419672472082
attention_microbench,self,bert_base,768,12,12,64,1,3072,1,128,,128,float16,cuda,attn.k_proj,5,0.18685576505959034,0.18065492622554302,0.1919178757816553,0.0037252251885496568,0.9342788252979517,12.01792156259992
attention_microbench,self,bert_base,768,12,12,64,1,3072,1,128,,128,float16,cuda,attn.matmul_qk,5,0.24475734680891037,0.2404248807579279,0.251400051638484,0.003915994083203017,1.2237867340445518,15.741952595797525
attention_microbench,self,bert_base,768,12,12,64,1,3072,1,128,,128,float16,cuda,attn.out_projection,5,0.16429121606051922,0.16030389815568924,0.17131189815700054,0.004099022226319703,0.8214560803025961,10.566647207324891
attention_microbench,self,bert_base,768,12,12,64,1,3072,1,128,,128,float16,cuda,attn.q_proj,5,0.18949881196022034,0.18587103113532066,0.192366074770689,0.002373224517585211,0.9474940598011017,12.187913268919038
attention_microbench,self,bert_base,768,12,12,64,1,3072,1,128,,128,float16,cuda,attn.softmax,5,0.10027233511209488,0.09848689660429955,0.1041819341480732,0.0021195999437539394,0.5013616755604744,6.449172482805557
attention_microbench,self,bert_base,768,12,12,64,1,3072,1,128,,128,float16,cuda,attn.v_proj,5,0.20792284049093723,0.1886221580207348,0.22941804490983486,0.014912142595940432,1.0396142024546862,13.372883556983984
attention_microbench,self,bert_base,768,12,12,64,1,3072,1,128,,128,float16,cuda,attn.weighted_sum,5,0.1667235977947712,0.161296920850873,0.17492705956101418,0.005884737433988594,0.833617988973856,10.723089653097
