architecture,model_family,shape_name,d_model,num_heads,num_kv_heads,head_dim,num_layers,d_ff,batch_size,seq_len,encoder_seq_len,decoder_seq_len,dtype,device,operation_key,count,avg_ms,min_ms,max_ms,std_ms,total_ms,pct_total
attention_microbench,self,gpt2_medium,1024,16,16,64,1,4096,1,512,,512,float16,cuda,attn.apply_causal_mask,5,1.2766524218022823,1.2465170584619045,1.3249111361801624,0.028309318790400436,6.383262109011412,21.281333355130165
attention_microbench,self,gpt2_medium,1024,16,16,64,1,4096,1,512,,512,float16,cuda,attn.k_proj,5,0.5658910609781742,0.5558892153203487,0.5753750447183847,0.00713083005685608,2.829455304890871,9.433198970760992
attention_microbench,self,gpt2_medium,1024,16,16,64,1,4096,1,512,,512,float16,cuda,attn.matmul_qk,5,1.126015791669488,1.1056328658014536,1.1503659188747406,0.014317200897249794,5.63007895834744,18.77027530471437
attention_microbench,self,gpt2_medium,1024,16,16,64,1,4096,1,512,,512,float16,cuda,attn.out_projection,5,0.574146443977952,0.5553769879043102,0.589773990213871,0.012166744268471983,2.87073221988976,9.57081321453811
attention_microbench,self,gpt2_medium,1024,16,16,64,1,4096,1,512,,512,float16,cuda,attn.q_proj,5,0.5375794135034084,0.41657197289168835,0.5864459089934826,0.06135810717661487,2.687897067517042,8.961254064337016
attention_microbench,self,gpt2_medium,1024,16,16,64,1,4096,1,512,,512,float16,cuda,attn.softmax,5,0.7714285980910063,0.7625911384820938,0.7798699662089348,0.005616340675411255,3.8571429904550314,12.859435250574391
attention_microbench,self,gpt2_medium,1024,16,16,64,1,4096,1,512,,512,float16,cuda,attn.v_proj,5,0.5711061879992485,0.5493289791047573,0.6131960544735193,0.022533715800565388,2.8555309399962425,9.520133248822479
attention_microbench,self,gpt2_medium,1024,16,16,64,1,4096,1,512,,512,float16,cuda,attn.weighted_sum,5,0.5761106964200735,0.5582238081842661,0.5954368971288204,0.014187462203342941,2.8805534821003675,9.603556591122477
