architecture,model_family,shape_name,d_model,num_heads,num_kv_heads,head_dim,num_layers,d_ff,batch_size,seq_len,encoder_seq_len,decoder_seq_len,dtype,device,operation_key,count,avg_ms,min_ms,max_ms,std_ms,total_ms,pct_total
attention_microbench,self,llama_7b,4096,32,32,128,1,11008,1,8192,,8192,float16,cuda,attn.apply_causal_mask,5,186.66905355639756,186.40272389166057,186.854578088969,0.20285655936105448,933.3452677819878,33.09945587409134
attention_microbench,self,llama_7b,4096,32,32,128,1,11008,1,8192,,8192,float16,cuda,attn.k_proj,5,14.865795569494367,14.761829050257802,15.101003926247358,0.1253017202869222,74.32897784747183,2.635947068414746
attention_microbench,self,llama_7b,4096,32,32,128,1,11008,1,8192,,8192,float16,cuda,attn.matmul_qk,5,117.06433622166514,116.88539711758494,117.22568096593022,0.11482281810061716,585.3216811083257,20.757408672606417
attention_microbench,self,llama_7b,4096,32,32,128,1,11008,1,8192,,8192,float16,cuda,attn.out_projection,5,14.762040181085467,14.666220871731639,14.859742019325495,0.06483083418939342,73.81020090542734,2.617549552410295
attention_microbench,self,llama_7b,4096,32,32,128,1,11008,1,8192,,8192,float16,cuda,attn.q_proj,5,14.921822911128402,14.783105812966824,14.980210922658443,0.07376602593048835,74.60911455564201,2.64588162632259
attention_microbench,self,llama_7b,4096,32,32,128,1,11008,1,8192,,8192,float16,cuda,attn.softmax,5,164.12604646757245,164.00567814707756,164.29791203700006,0.11258403122461526,820.6302323378623,29.10221447713713
attention_microbench,self,llama_7b,4096,32,32,128,1,11008,1,8192,,8192,float16,cuda,attn.v_proj,5,14.953737566247582,14.806975843384862,15.064911916851997,0.09681052115325889,74.76868783123791,2.651540613169786
attention_microbench,self,llama_7b,4096,32,32,128,1,11008,1,8192,,8192,float16,cuda,attn.weighted_sum,5,36.60128302872181,36.34623205289245,36.87713481485844,0.18989164033536196,183.00641514360905,6.49000211584769
