architecture,model_family,shape_name,d_model,num_heads,num_kv_heads,head_dim,num_layers,d_ff,batch_size,seq_len,encoder_seq_len,decoder_seq_len,dtype,device,operation_key,count,avg_ms,min_ms,max_ms,std_ms,total_ms,pct_total
attention_microbench,self,bert_large,1024,16,16,64,1,4096,1,2048,,2048,float16,cuda,attn.apply_causal_mask,5,8.21127756498754,7.44679500348866,11.007662862539291,1.4008264534001515,41.0563878249377,22.164895414636195
attention_microbench,self,bert_large,1024,16,16,64,1,4096,1,2048,,2048,float16,cuda,attn.k_proj,5,0.5396833177655935,0.42105093598365784,0.9282059036195278,0.1953353203079037,2.6984165888279676,1.4567799225669464
attention_microbench,self,bert_large,1024,16,16,64,1,4096,1,2048,,2048,float16,cuda,attn.matmul_qk,5,6.10969141125679,5.260589066892862,9.196048136800528,1.545597061821271,30.54845705628395,16.492034287530903
attention_microbench,self,bert_large,1024,16,16,64,1,4096,1,2048,,2048,float16,cuda,attn.out_projection,5,0.6851423531770706,0.46536698937416077,0.9291339665651321,0.19015425592336177,3.425711765885353,1.8494209314102694
attention_microbench,self,bert_large,1024,16,16,64,1,4096,1,2048,,2048,float16,cuda,attn.q_proj,5,0.5311273038387299,0.43077790178358555,0.9184780064970255,0.1936883786545348,2.6556365191936493,1.4336844721508342
attention_microbench,self,bert_large,1024,16,16,64,1,4096,1,2048,,2048,float16,cuda,attn.softmax,5,18.76060636714101,14.941520988941193,28.555928962305188,5.258158166911886,93.80303183570504,50.64094773947266
attention_microbench,self,bert_large,1024,16,16,64,1,4096,1,2048,,2048,float16,cuda,attn.v_proj,5,0.525438180193305,0.42191403917968273,0.9170379489660263,0.1958748424759428,2.627190900966525,1.418327686363997
attention_microbench,self,bert_large,1024,16,16,64,1,4096,1,2048,,2048,float16,cuda,attn.weighted_sum,5,1.6833511646836996,1.4325769152492285,2.3413279559463263,0.33810925082755483,8.416755823418498,4.543909545868195
