architecture,model_family,shape_name,d_model,num_heads,num_kv_heads,head_dim,num_layers,d_ff,batch_size,seq_len,encoder_seq_len,decoder_seq_len,dtype,device,operation_key,count,avg_ms,min_ms,max_ms,std_ms,total_ms,pct_total
attention_microbench,self,t5_large,1024,16,16,64,1,4096,1,256,,256,float16,cuda,attn.apply_causal_mask,5,0.46893381513655186,0.449951970949769,0.4881580825895071,0.012894678136654965,2.3446690756827593,20.956589774468554
attention_microbench,self,t5_large,1024,16,16,64,1,4096,1,256,,256,float16,cuda,attn.k_proj,5,0.25204005651175976,0.2403350081294775,0.27050916105508804,0.010336324373899598,1.2602002825587988,11.263636574199177
attention_microbench,self,t5_large,1024,16,16,64,1,4096,1,256,,256,float16,cuda,attn.matmul_qk,5,0.3262684214860201,0.31885807402431965,0.3378959372639656,0.006435911980625329,1.6313421074301004,14.58089232369578
attention_microbench,self,t5_large,1024,16,16,64,1,4096,1,256,,256,float16,cuda,attn.out_projection,5,0.2558671869337559,0.2444959245622158,0.26993313804268837,0.009244424851297886,1.2793359346687794,11.434670523294544
attention_microbench,self,t5_large,1024,16,16,64,1,4096,1,256,,256,float16,cuda,attn.q_proj,5,0.25481125339865685,0.24683121591806412,0.2699021715670824,0.008655249561496372,1.2740562669932842,11.387480994175748
attention_microbench,self,t5_large,1024,16,16,64,1,4096,1,256,,256,float16,cuda,attn.softmax,5,0.2414105460047722,0.2244650386273861,0.2736770547926426,0.01972231361170774,1.207052730023861,10.788605164631335
attention_microbench,self,t5_large,1024,16,16,64,1,4096,1,256,,256,float16,cuda,attn.v_proj,5,0.24923719465732574,0.2373920287936926,0.2668930683284998,0.01072242810040858,1.2461859732866287,11.138377051038589
attention_microbench,self,t5_large,1024,16,16,64,1,4096,1,256,,256,float16,cuda,attn.weighted_sum,5,0.18907524645328522,0.17278804443776608,0.21256203763186932,0.0142241927191597,0.9453762322664261,8.449747594496273
