architecture,model_family,shape_name,d_model,num_heads,num_kv_heads,head_dim,num_layers,d_ff,batch_size,seq_len,encoder_seq_len,decoder_seq_len,dtype,device,operation_key,count,avg_ms,min_ms,max_ms,std_ms,total_ms,pct_total
attention_microbench,self,llama_7b,4096,32,32,128,1,11008,1,512,,512,float16,cuda,attn.apply_causal_mask,5,1.9931979477405548,1.9719768315553665,2.052898984402418,0.03053540923695089,9.965989738702774,12.411033782376062
attention_microbench,self,llama_7b,4096,32,32,128,1,11008,1,512,,512,float16,cuda,attn.k_proj,5,2.6541268453001976,2.611385192722082,2.770188031718135,0.0588799603660197,13.270634226500988,16.526435809886586
attention_microbench,self,llama_7b,4096,32,32,128,1,11008,1,512,,512,float16,cuda,attn.matmul_qk,5,1.5701327938586473,1.5184120275080204,1.6788148786872625,0.055902787140164445,7.850663969293237,9.776736510032123
attention_microbench,self,llama_7b,4096,32,32,128,1,11008,1,512,,512,float16,cuda,attn.out_projection,5,2.6814910117536783,2.6429658755660057,2.818248001858592,0.06841793869167909,13.407455058768392,16.696824102060823
attention_microbench,self,llama_7b,4096,32,32,128,1,11008,1,512,,512,float16,cuda,attn.q_proj,5,2.6480920147150755,2.5667161680758,2.732622902840376,0.05873754819207755,13.240460073575377,16.48885876624786
attention_microbench,self,llama_7b,4096,32,32,128,1,11008,1,512,,512,float16,cuda,attn.softmax,5,1.0958713479340076,1.047791913151741,1.2419528793543577,0.07429788717233268,5.479356739670038,6.823655591139172
attention_microbench,self,llama_7b,4096,32,32,128,1,11008,1,512,,512,float16,cuda,attn.v_proj,5,2.642563171684742,2.597050042822957,2.757580950856209,0.058507662262924705,13.21281585842371,16.454432352301012
attention_microbench,self,llama_7b,4096,32,32,128,1,11008,1,512,,512,float16,cuda,attn.weighted_sum,5,0.7744114380329847,0.7201689295470715,0.9127950761467218,0.06994946230551195,3.8720571901649237,4.822023085956363
