architecture,model_family,shape_name,d_model,num_heads,num_kv_heads,head_dim,num_layers,d_ff,batch_size,seq_len,encoder_seq_len,decoder_seq_len,dtype,device,operation_key,count,avg_ms,min_ms,max_ms,std_ms,total_ms,pct_total
attention_microbench,self,gpt2_medium,1024,16,16,64,1,4096,1,128,,128,float16,cuda,attn.apply_causal_mask,5,0.2993851900100708,0.2939589321613312,0.30694901943206787,0.004668335084967871,1.496925950050354,18.754751224568878
attention_microbench,self,gpt2_medium,1024,16,16,64,1,4096,1,128,,128,float16,cuda,attn.k_proj,5,0.18536043353378773,0.17982511781156063,0.19406317733228207,0.005531550255315574,0.9268021676689386,11.611759478441416
attention_microbench,self,gpt2_medium,1024,16,16,64,1,4096,1,128,,128,float16,cuda,attn.matmul_qk,5,0.2414125483483076,0.23479596711695194,0.24954695254564285,0.005438631665317401,1.207062741741538,15.123100399887564
attention_microbench,self,gpt2_medium,1024,16,16,64,1,4096,1,128,,128,float16,cuda,attn.out_projection,5,0.20303498022258282,0.19428692758083344,0.22391602396965027,0.010833630579878798,1.015174901112914,12.718967641090439
attention_microbench,self,gpt2_medium,1024,16,16,64,1,4096,1,128,,128,float16,cuda,attn.q_proj,5,0.18773432821035385,0.1799529418349266,0.19668694585561752,0.005900230337720036,0.9386716410517693,11.760470254985934
attention_microbench,self,gpt2_medium,1024,16,16,64,1,4096,1,128,,128,float16,cuda,attn.softmax,5,0.12345160357654095,0.119062140583992,0.1304210163652897,0.004814634682726987,0.6172580178827047,7.733529214568831
attention_microbench,self,gpt2_medium,1024,16,16,64,1,4096,1,128,,128,float16,cuda,attn.v_proj,5,0.18939822912216187,0.1813929993659258,0.202191062271595,0.007220481914740868,0.9469911456108093,11.864704027078144
attention_microbench,self,gpt2_medium,1024,16,16,64,1,4096,1,128,,128,float16,cuda,attn.weighted_sum,5,0.16653919592499733,0.1592179760336876,0.17521693371236324,0.005573738322440073,0.8326959796249866,10.432717759378793
