architecture,model_family,shape_name,d_model,num_heads,num_kv_heads,head_dim,num_layers,d_ff,batch_size,seq_len,encoder_seq_len,decoder_seq_len,dtype,device,operation_key,count,avg_ms,min_ms,max_ms,std_ms,total_ms,pct_total
attention_microbench,self,llama_7b,4096,32,32,128,1,11008,1,1024,,1024,float16,cuda,attn.apply_causal_mask,5,4.772994201630354,3.6780880764126778,6.412889109924436,1.3347359987226182,23.86497100815177,20.498913017896825
attention_microbench,self,llama_7b,4096,32,32,128,1,11008,1,1024,,1024,float16,cuda,attn.k_proj,5,2.664994355291128,2.0527399610728025,4.966662963852286,1.150996618247078,13.32497177645564,11.445538204014284
attention_microbench,self,llama_7b,4096,32,32,128,1,11008,1,1024,,1024,float16,cuda,attn.matmul_qk,5,3.4760562237352133,2.6393202133476734,5.161271896213293,1.0505791730971386,17.380281118676066,14.928862505495548
attention_microbench,self,llama_7b,4096,32,32,128,1,11008,1,1024,,1024,float16,cuda,attn.out_projection,5,3.319619921967387,2.204600954428315,4.9953649286180735,1.3606151553824293,16.598099609836936,14.2570045464633
attention_microbench,self,llama_7b,4096,32,32,128,1,11008,1,1024,,1024,float16,cuda,attn.q_proj,5,2.6463973335921764,2.051715971902013,4.938088823109865,1.145993962961853,13.231986667960882,11.365668270363717
attention_microbench,self,llama_7b,4096,32,32,128,1,11008,1,1024,,1024,float16,cuda,attn.softmax,5,2.4450242053717375,1.5701530501246452,3.7541789934039116,1.0660538997154103,12.225121026858687,10.500816970497786
attention_microbench,self,llama_7b,4096,32,32,128,1,11008,1,1024,,1024,float16,cuda,attn.v_proj,5,2.6567648630589247,2.0619870629161596,4.957000026479363,1.1503103108918988,13.283824315294623,11.41019442643505
attention_microbench,self,llama_7b,4096,32,32,128,1,11008,1,1024,,1024,float16,cuda,attn.weighted_sum,5,1.3022820465266705,0.9345209691673517,1.8416210077703,0.43970028950750933,6.511410232633352,5.593002058833491
