architecture,model_family,shape_name,d_model,num_heads,num_kv_heads,head_dim,num_layers,d_ff,batch_size,seq_len,encoder_seq_len,decoder_seq_len,dtype,device,operation_key,count,avg_ms,min_ms,max_ms,std_ms,total_ms,pct_total
attention_microbench,self,t5_base,768,12,12,64,1,3072,1,4096,,4096,float16,cuda,attn.apply_causal_mask,5,22.424873197451234,22.274201968684793,22.472426993772388,0.07562155848818418,112.12436598725617,32.43827805399376
attention_microbench,self,t5_base,768,12,12,64,1,3072,1,4096,,4096,float16,cuda,attn.k_proj,5,0.4670195747166872,0.4591350443661213,0.47929398715496063,0.006840223672581146,2.335097873583436,0.6755583716317136
attention_microbench,self,t5_base,768,12,12,64,1,3072,1,4096,,4096,float16,cuda,attn.matmul_qk,5,12.98672379925847,12.8098139539361,13.040743069723248,0.08897078088823127,64.93361899629235,18.78570076635461
attention_microbench,self,t5_base,768,12,12,64,1,3072,1,4096,,4096,float16,cuda,attn.out_projection,5,0.6452536676079035,0.5153880920261145,0.733932014554739,0.1025824989157002,3.2262683380395174,0.9333795424806866
attention_microbench,self,t5_base,768,12,12,64,1,3072,1,4096,,4096,float16,cuda,attn.q_proj,5,0.4566461779177189,0.44928002171218395,0.45999884605407715,0.004002276127234432,2.2832308895885944,0.660552929827584
attention_microbench,self,t5_base,768,12,12,64,1,3072,1,4096,,4096,float16,cuda,attn.softmax,5,27.738789888098836,27.618307154625654,27.804980985820293,0.08005154045763231,138.69394944049418,40.12502417956726
attention_microbench,self,t5_base,768,12,12,64,1,3072,1,4096,,4096,float16,cuda,attn.v_proj,5,0.4668919835239649,0.46332809142768383,0.4772460088133812,0.005237774353844792,2.3344599176198244,0.6753738069944769
attention_microbench,self,t5_base,768,12,12,64,1,3072,1,4096,,4096,float16,cuda,attn.weighted_sum,5,3.9447005838155746,3.79150896333158,4.056256962940097,0.114241233605931,19.723502919077873,5.706132349149905
