architecture,model_family,shape_name,d_model,num_heads,num_kv_heads,head_dim,num_layers,d_ff,batch_size,seq_len,encoder_seq_len,decoder_seq_len,dtype,device,operation_key,count,avg_ms,min_ms,max_ms,std_ms,total_ms,pct_total
attention_microbench,self,bert_large,1024,16,16,64,1,4096,1,512,,512,float16,cuda,attn.apply_causal_mask,5,1.0276643559336662,1.0151409078389406,1.0460498742759228,0.010544692585459524,5.138321779668331,23.49428741072015
attention_microbench,self,bert_large,1024,16,16,64,1,4096,1,512,,512,float16,cuda,attn.k_proj,5,0.38530933670699596,0.33731386065483093,0.5249769892543554,0.07148907409692382,1.9265466835349798,8.808876406347242
attention_microbench,self,bert_large,1024,16,16,64,1,4096,1,512,,512,float16,cuda,attn.matmul_qk,5,0.9406132157891989,0.8996629621833563,1.0773760732263327,0.06847441974844111,4.703066078945994,21.50413907661075
attention_microbench,self,bert_large,1024,16,16,64,1,4096,1,512,,512,float16,cuda,attn.out_projection,5,0.34963879734277725,0.3409928176552057,0.3608320839703083,0.00679256961227768,1.7481939867138863,7.99338261299001
attention_microbench,self,bert_large,1024,16,16,64,1,4096,1,512,,512,float16,cuda,attn.q_proj,5,0.387126998975873,0.3419211134314537,0.5402718670666218,0.07688138515441029,1.935634994879365,8.85043149144292
attention_microbench,self,bert_large,1024,16,16,64,1,4096,1,512,,512,float16,cuda,attn.softmax,5,0.5508691538125277,0.5459669046103954,0.5538698751479387,0.0027261733081030384,2.7543457690626383,12.593876736741786
attention_microbench,self,bert_large,1024,16,16,64,1,4096,1,512,,512,float16,cuda,attn.v_proj,5,0.3816105891019106,0.33712200820446014,0.5249769892543554,0.07200368717654562,1.908052945509553,8.724316268796652
attention_microbench,self,bert_large,1024,16,16,64,1,4096,1,512,,512,float16,cuda,attn.weighted_sum,5,0.3512706607580185,0.3445129841566086,0.36111893132328987,0.0061126384297306696,1.7563533037900925,8.030689996350489
