architecture,model_family,shape_name,d_model,num_heads,num_kv_heads,head_dim,num_layers,d_ff,batch_size,seq_len,encoder_seq_len,decoder_seq_len,dtype,device,operation_key,count,avg_ms,min_ms,max_ms,std_ms,total_ms,pct_total
attention_microbench,self,llama_7b,4096,32,32,128,1,11008,1,256,,256,float16,cuda,attn.apply_causal_mask,5,0.736282579600811,0.7021860219538212,0.7825000211596489,0.02704069817159228,3.681412898004055,9.850319149932279
attention_microbench,self,llama_7b,4096,32,32,128,1,11008,1,256,,256,float16,cuda,attn.k_proj,5,1.3704803306609392,1.3454330619424582,1.3909968547523022,0.01795461081252178,6.852401653304696,18.334901598560247
attention_microbench,self,llama_7b,4096,32,32,128,1,11008,1,256,,256,float16,cuda,attn.matmul_qk,5,0.5444313865154982,0.5189999938011169,0.5619090516120195,0.014604883705667463,2.722156932577491,7.283647693152466
attention_microbench,self,llama_7b,4096,32,32,128,1,11008,1,256,,256,float16,cuda,attn.out_projection,5,1.3923665974289179,1.3727899640798569,1.4118601102381945,0.014521542243926152,6.961832987144589,18.627705908533233
attention_microbench,self,llama_7b,4096,32,32,128,1,11008,1,256,,256,float16,cuda,attn.q_proj,5,1.3656355906277895,1.3545199763029814,1.3832210097461939,0.00996818446039787,6.8281779531389475,18.27008648973226
attention_microbench,self,llama_7b,4096,32,32,128,1,11008,1,256,,256,float16,cuda,attn.softmax,5,0.3548974171280861,0.34320587292313576,0.3609319683164358,0.006596873392476786,1.7744870856404305,4.747977096094859
attention_microbench,self,llama_7b,4096,32,32,128,1,11008,1,256,,256,float16,cuda,attn.v_proj,5,1.3714338187128305,1.3524079695343971,1.388309057801962,0.012496522419007514,6.857169093564153,18.34765779010544
attention_microbench,self,llama_7b,4096,32,32,128,1,11008,1,256,,256,float16,cuda,attn.weighted_sum,5,0.3391801379621029,0.3269510343670845,0.3521328326314688,0.009822783957523902,1.6959006898105145,4.537704273889213
