architecture,model_family,shape_name,d_model,num_heads,num_kv_heads,head_dim,num_layers,d_ff,batch_size,seq_len,encoder_seq_len,decoder_seq_len,dtype,device,operation_key,count,avg_ms,min_ms,max_ms,std_ms,total_ms,pct_total
attention_microbench,self,t5_base,768,12,12,64,1,3072,1,128,,128,float16,cuda,attn.apply_causal_mask,5,0.30195601284503937,0.2876280341297388,0.31232903711497784,0.009293813642806853,1.5097800642251968,19.761378930311082
attention_microbench,self,t5_base,768,12,12,64,1,3072,1,128,,128,float16,cuda,attn.k_proj,5,0.18275165930390358,0.17797108739614487,0.1870261039584875,0.002929729594176014,0.9137582965195179,11.960102253373224
attention_microbench,self,t5_base,768,12,12,64,1,3072,1,128,,128,float16,cuda,attn.matmul_qk,5,0.24157618172466755,0.23598293773829937,0.2488461323082447,0.004930263892380216,1.2078809086233377,15.809847343721387
attention_microbench,self,t5_base,768,12,12,64,1,3072,1,128,,128,float16,cuda,attn.out_projection,5,0.15703821554780006,0.1525329425930977,0.16603595577180386,0.004937681183104158,0.7851910777390003,10.277297195510801
attention_microbench,self,t5_base,768,12,12,64,1,3072,1,128,,128,float16,cuda,attn.q_proj,5,0.18474184907972813,0.17803511582314968,0.1920820213854313,0.005307511955045638,0.9237092453986406,12.09034935106385
attention_microbench,self,t5_base,768,12,12,64,1,3072,1,128,,128,float16,cuda,attn.softmax,5,0.10955994948744774,0.0958009622991085,0.14392496086657047,0.017856562450089604,0.5477997474372387,7.1701028802439515
attention_microbench,self,t5_base,768,12,12,64,1,3072,1,128,,128,float16,cuda,attn.v_proj,5,0.18593859858810902,0.18005096353590488,0.1939060166478157,0.00578643841441841,0.9296929929405451,12.168670098171857
attention_microbench,self,t5_base,768,12,12,64,1,3072,1,128,,128,float16,cuda,attn.weighted_sum,5,0.16444837674498558,0.15909201465547085,0.17185881733894348,0.00497367078016882,0.8222418837249279,10.762251947603847
