architecture,model_family,shape_name,d_model,num_heads,num_kv_heads,head_dim,num_layers,d_ff,batch_size,seq_len,encoder_seq_len,decoder_seq_len,dtype,device,operation_key,count,avg_ms,min_ms,max_ms,std_ms,total_ms,pct_total
attention_microbench,self,t5_large,1024,16,16,64,1,4096,1,2048,,2048,float16,cuda,attn.apply_causal_mask,5,7.4481261894106865,7.4322938453406096,7.468771189451218,0.013946994845032853,37.24063094705343,24.001083897996214
attention_microbench,self,t5_large,1024,16,16,64,1,4096,1,2048,,2048,float16,cuda,attn.k_proj,5,0.43252091854810715,0.4272668156772852,0.4414420109242201,0.004911787988408501,2.1626045927405357,1.3937694649253618
attention_microbench,self,t5_large,1024,16,16,64,1,4096,1,2048,,2048,float16,cuda,attn.matmul_qk,5,5.277163349092007,5.267577013000846,5.290422821417451,0.007653618932054344,26.385816745460033,17.00530268472927
attention_microbench,self,t5_large,1024,16,16,64,1,4096,1,2048,,2048,float16,cuda,attn.out_projection,5,0.5169311538338661,0.4580169916152954,0.7181589026004076,0.10073238865927217,2.5846557691693306,1.665775750455736
attention_microbench,self,t5_large,1024,16,16,64,1,4096,1,2048,,2048,float16,cuda,attn.q_proj,5,0.45572584494948387,0.43692998588085175,0.4898549523204565,0.02127874652537291,2.2786292247474194,1.468545773924812
attention_microbench,self,t5_large,1024,16,16,64,1,4096,1,2048,,2048,float16,cuda,attn.softmax,5,15.000161621719599,14.949893113225698,15.171926002949476,0.08608645252085882,75.000808108598,48.33700831737394
attention_microbench,self,t5_large,1024,16,16,64,1,4096,1,2048,,2048,float16,cuda,attn.v_proj,5,0.42866175062954426,0.42227492667734623,0.4376019351184368,0.005412992820400302,2.1433087531477213,1.3813335568010376
attention_microbench,self,t5_large,1024,16,16,64,1,4096,1,2048,,2048,float16,cuda,attn.weighted_sum,5,1.4731667935848236,1.4231028035283089,1.652398845180869,0.0896956085459442,7.365833967924118,4.7471805537936245
