architecture,model_family,shape_name,d_model,num_heads,num_kv_heads,head_dim,num_layers,d_ff,batch_size,seq_len,encoder_seq_len,decoder_seq_len,dtype,device,operation_key,count,avg_ms,min_ms,max_ms,std_ms,total_ms,pct_total
attention_microbench,self,t5_large,1024,16,16,64,1,4096,1,1024,,1024,float16,cuda,attn.apply_causal_mask,5,3.638201393187046,3.566571045666933,3.689026925712824,0.04881305965380782,18.19100696593523,27.20968410324529
attention_microbench,self,t5_large,1024,16,16,64,1,4096,1,1024,,1024,float16,cuda,attn.k_proj,5,0.7764204405248165,0.7014558650553226,0.8661171887069941,0.063878984239681,3.8821022026240826,5.806757964950478
attention_microbench,self,t5_large,1024,16,16,64,1,4096,1,1024,,1024,float16,cuda,attn.matmul_qk,5,3.3237462397664785,3.2635200768709183,3.375288099050522,0.043017076344610466,16.618731198832393,24.857910667823685
attention_microbench,self,t5_large,1024,16,16,64,1,4096,1,1024,,1024,float16,cuda,attn.out_projection,5,0.8201423101127148,0.7753071840852499,0.857796985656023,0.0278028232703332,4.100711550563574,6.133748730804664
attention_microbench,self,t5_large,1024,16,16,64,1,4096,1,1024,,1024,float16,cuda,attn.q_proj,5,0.7953946944326162,0.7214858196675777,0.8314629085361958,0.04382296797980744,3.976973472163081,5.9486641980393875
attention_microbench,self,t5_large,1024,16,16,64,1,4096,1,1024,,1024,float16,cuda,attn.softmax,5,2.1569594275206327,2.128269989043474,2.1831151098012924,0.02001226275583858,10.784797137603164,16.13164811498819
attention_microbench,self,t5_large,1024,16,16,64,1,4096,1,1024,,1024,float16,cuda,attn.v_proj,5,0.776413781568408,0.687312800437212,0.8495410438627005,0.058210915322409594,3.88206890784204,5.806708163391754
attention_microbench,self,t5_large,1024,16,16,64,1,4096,1,1024,,1024,float16,cuda,attn.weighted_sum,5,1.083701616153121,0.9299200028181076,1.1490092147141695,0.08087393087303799,5.418508080765605,8.104878056756553
