architecture,model_family,shape_name,d_model,num_heads,num_kv_heads,head_dim,num_layers,d_ff,batch_size,seq_len,encoder_seq_len,decoder_seq_len,dtype,device,operation_key,count,avg_ms,min_ms,max_ms,std_ms,total_ms,pct_total
attention_microbench,self,t5_large,1024,16,16,64,1,4096,1,4096,,4096,float16,cuda,attn.apply_causal_mask,5,29.405482904985547,29.302047099918127,29.505681013688445,0.08940946504903657,147.02741452492774,32.15321325419618
attention_microbench,self,t5_large,1024,16,16,64,1,4096,1,4096,,4096,float16,cuda,attn.k_proj,5,0.7870508823543787,0.6939370650798082,0.9205141104757786,0.10382081935215078,3.9352544117718935,0.8605951122793183
attention_microbench,self,t5_large,1024,16,16,64,1,4096,1,4096,,4096,float16,cuda,attn.matmul_qk,5,17.03456426039338,16.903558978810906,17.165813129395247,0.1065163266632026,85.1728213019669,18.62632146278661
attention_microbench,self,t5_large,1024,16,16,64,1,4096,1,4096,,4096,float16,cuda,attn.out_projection,5,0.7994020357728004,0.6963049527257681,0.9282571263611317,0.09998313018883563,3.9970101788640022,0.874100391926689
attention_microbench,self,t5_large,1024,16,16,64,1,4096,1,4096,,4096,float16,cuda,attn.q_proj,5,0.7804528810083866,0.6795700173825026,0.935681164264679,0.11344003222249077,3.902264405041933,0.8533805752824377
attention_microbench,self,t5_large,1024,16,16,64,1,4096,1,4096,,4096,float16,cuda,attn.softmax,5,36.82153122499585,36.68391495011747,36.99051798321307,0.12519485939153252,184.10765612497926,40.26223781628854
attention_microbench,self,t5_large,1024,16,16,64,1,4096,1,4096,,4096,float16,cuda,attn.v_proj,5,0.7728883530944586,0.6651710718870163,0.9291849564760923,0.11566326882186813,3.864441765472293,0.8451091967789882
attention_microbench,self,t5_large,1024,16,16,64,1,4096,1,4096,,4096,float16,cuda,attn.weighted_sum,5,5.052886391058564,4.949328955262899,5.2100790198892355,0.1201672004602185,25.26443195529282,5.525042190461235
