architecture,model_family,shape_name,d_model,num_heads,num_kv_heads,head_dim,num_layers,d_ff,batch_size,seq_len,encoder_seq_len,decoder_seq_len,dtype,device,operation_key,count,avg_ms,min_ms,max_ms,std_ms,total_ms,pct_total
attention_microbench,self,t5_large,1024,16,16,64,1,4096,1,8192,,8192,float16,cuda,attn.apply_causal_mask,5,96.06880801729858,95.96079285256565,96.37288516387343,0.153303890169497,480.3440400864929,37.57178201470822
attention_microbench,self,t5_large,1024,16,16,64,1,4096,1,8192,,8192,float16,cuda,attn.k_proj,5,1.2541173491626978,1.1195719707757235,1.3090320862829685,0.06820320568466097,6.270586745813489,0.49047578122464125
attention_microbench,self,t5_large,1024,16,16,64,1,4096,1,8192,,8192,float16,cuda,attn.matmul_qk,5,53.14493095502257,52.68702399916947,54.314014967530966,0.5914211282915486,265.72465477511287,20.78457932640617
attention_microbench,self,t5_large,1024,16,16,64,1,4096,1,8192,,8192,float16,cuda,attn.out_projection,5,1.2872288469225168,1.2788260355591774,1.2958808802068233,0.005742697127274979,6.436144234612584,0.5034254368067986
attention_microbench,self,t5_large,1024,16,16,64,1,4096,1,8192,,8192,float16,cuda,attn.q_proj,5,1.2751784175634384,1.1801121290773153,1.3592049945145845,0.05769842907201791,6.375892087817192,0.49871260530189016
attention_microbench,self,t5_large,1024,16,16,64,1,4096,1,8192,,8192,float16,cuda,attn.softmax,5,81.63039307110012,81.51168213225901,81.70430990867317,0.06616623180927186,408.1519653555006,31.92502746250442
attention_microbench,self,t5_large,1024,16,16,64,1,4096,1,8192,,8192,float16,cuda,attn.v_proj,5,1.2273541651666164,1.0777830611914396,1.2756260111927986,0.07502726279252245,6.136770825833082,0.4800089029956615
attention_microbench,self,t5_large,1024,16,16,64,1,4096,1,8192,,8192,float16,cuda,attn.weighted_sum,5,19.806030998006463,19.45219887420535,19.978180062025785,0.1833975762348253,99.03015499003232,7.745988470052196
