architecture,model_family,shape_name,d_model,num_heads,num_kv_heads,head_dim,num_layers,d_ff,batch_size,seq_len,encoder_seq_len,decoder_seq_len,dtype,device,operation_key,count,avg_ms,min_ms,max_ms,std_ms,total_ms,pct_total
attention_microbench,self,gpt3_2p7b,2560,32,32,80,1,10240,1,8192,,8192,float16,cuda,attn.apply_causal_mask,5,186.9824482128024,186.95556605234742,187.02411791309714,0.02778284509624006,934.912241064012,35.8620216450741
attention_microbench,self,gpt3_2p7b,2560,32,32,80,1,10240,1,8192,,8192,float16,cuda,attn.k_proj,5,5.537075782194734,5.390295991674066,5.580297904089093,0.07363766022259978,27.685378910973668,1.0619752466043886
attention_microbench,self,gpt3_2p7b,2560,32,32,80,1,10240,1,8192,,8192,float16,cuda,attn.matmul_qk,5,113.12169642187655,113.08083799667656,113.20487107150257,0.045034025769642085,565.6084821093827,21.696008178221497
attention_microbench,self,gpt3_2p7b,2560,32,32,80,1,10240,1,8192,,8192,float16,cuda,attn.out_projection,5,5.591069022193551,5.581066012382507,5.604904145002365,0.008087439211170154,27.955345110967755,1.072330800080304
attention_microbench,self,gpt3_2p7b,2560,32,32,80,1,10240,1,8192,,8192,float16,cuda,attn.q_proj,5,5.542355915531516,5.38594601675868,5.597160896286368,0.07938075721005211,27.71177957765758,1.062987941955329
attention_microbench,self,gpt3_2p7b,2560,32,32,80,1,10240,1,8192,,8192,float16,cuda,attn.softmax,5,164.19346379116178,164.01857906021178,164.3867890816182,0.15448732865188403,820.9673189558089,31.491242139245724
attention_microbench,self,gpt3_2p7b,2560,32,32,80,1,10240,1,8192,,8192,float16,cuda,attn.v_proj,5,5.585987400263548,5.555114941671491,5.694177001714706,0.05418724641834127,27.92993700131774,1.0713561779305372
attention_microbench,self,gpt3_2p7b,2560,32,32,80,1,10240,1,8192,,8192,float16,cuda,attn.weighted_sum,5,34.839956648647785,34.481652081012726,35.128928953781724,0.23343540817649389,174.19978324323893,6.682077870888117
