architecture,model_family,shape_name,d_model,num_heads,num_kv_heads,head_dim,num_layers,d_ff,batch_size,seq_len,encoder_seq_len,decoder_seq_len,dtype,device,operation_key,count,avg_ms,min_ms,max_ms,std_ms,total_ms,pct_total
attention_microbench,self,gpt2_medium,1024,16,16,64,1,4096,1,1024,,1024,float16,cuda,attn.apply_causal_mask,5,3.3809862099587917,3.3405160065740347,3.4391640219837427,0.03598707379838931,16.90493104979396,29.192398086930258
attention_microbench,self,gpt2_medium,1024,16,16,64,1,4096,1,1024,,1024,float16,cuda,attn.k_proj,5,0.5599075928330421,0.5094918888062239,0.609131995588541,0.037507550397579054,2.7995379641652107,4.834401658821389
attention_microbench,self,gpt2_medium,1024,16,16,64,1,4096,1,1024,,1024,float16,cuda,attn.matmul_qk,5,3.111562831327319,3.0734671745449305,3.157811937853694,0.034956552890967676,15.557814156636596,26.866119884502584
attention_microbench,self,gpt2_medium,1024,16,16,64,1,4096,1,1024,,1024,float16,cuda,attn.out_projection,5,0.5968835670500994,0.5590878427028656,0.671271001920104,0.04063401714875955,2.984417835250497,5.153662753651338
attention_microbench,self,gpt2_medium,1024,16,16,64,1,4096,1,1024,,1024,float16,cuda,attn.q_proj,5,0.5558759439736605,0.5002778489142656,0.6026690825819969,0.03412228231861607,2.7793797198683023,4.799591254063417
attention_microbench,self,gpt2_medium,1024,16,16,64,1,4096,1,1024,,1024,float16,cuda,attn.softmax,5,1.9345551263540983,1.9102049991488457,1.9592889584600925,0.016831404367394033,9.672775631770492,16.703500062583462
attention_microbench,self,gpt2_medium,1024,16,16,64,1,4096,1,1024,,1024,float16,cuda,attn.v_proj,5,0.5615201778709888,0.5047570448368788,0.638121971860528,0.044116365324290974,2.8076008893549442,4.848325177420224
attention_microbench,self,gpt2_medium,1024,16,16,64,1,4096,1,1024,,1024,float16,cuda,attn.weighted_sum,5,0.8804436307400465,0.8451440371572971,0.9293609764426947,0.02775487541718552,4.4022181537002325,7.602001122027329
