architecture,model_family,shape_name,d_model,num_heads,num_kv_heads,head_dim,num_layers,d_ff,batch_size,seq_len,encoder_seq_len,decoder_seq_len,dtype,device,operation_key,count,avg_ms,min_ms,max_ms,std_ms,total_ms,pct_total
attention_microbench,self,bart_large,1024,16,16,64,1,4096,1,1024,,1024,float16,cuda,attn.apply_causal_mask,5,3.3989000134170055,3.3641308546066284,3.456477075815201,0.03456034748894207,16.994500067085028,28.736445779640228
attention_microbench,self,bart_large,1024,16,16,64,1,4096,1,1024,,1024,float16,cuda,attn.k_proj,5,0.6072173360735178,0.5456600338220596,0.7315678521990776,0.06600436306921734,3.036086680367589,5.13379857767337
attention_microbench,self,bart_large,1024,16,16,64,1,4096,1,1024,,1024,float16,cuda,attn.matmul_qk,5,3.161097737029195,3.0968838836997747,3.264009952545166,0.0575712575546147,15.805488685145974,26.725915256612765
attention_microbench,self,bart_large,1024,16,16,64,1,4096,1,1024,,1024,float16,cuda,attn.out_projection,5,0.5916731897741556,0.5595791153609753,0.6229348946362734,0.026427978979832758,2.958365948870778,5.002378554854472
attention_microbench,self,bart_large,1024,16,16,64,1,4096,1,1024,,1024,float16,cuda,attn.q_proj,5,0.6063986103981733,0.5369891878217459,0.7190878968685865,0.06148543071870929,3.0319930519908667,5.126876554111317
attention_microbench,self,bart_large,1024,16,16,64,1,4096,1,1024,,1024,float16,cuda,attn.softmax,5,1.94163266569376,1.9266570452600718,1.960671041160822,0.012853178940321413,9.7081633284688,16.415787931812154
attention_microbench,self,bart_large,1024,16,16,64,1,4096,1,1024,,1024,float16,cuda,attn.v_proj,5,0.6221349816769361,0.5639628507196903,0.7672139909118414,0.07631997245659859,3.1106749083846807,5.259921768220408
attention_microbench,self,bart_large,1024,16,16,64,1,4096,1,1024,,1024,float16,cuda,attn.weighted_sum,5,0.898782629519701,0.8496080990880728,0.9398749098181725,0.032711260837300825,4.493913147598505,7.598875577075289
