architecture,model_family,shape_name,d_model,num_heads,num_kv_heads,head_dim,num_layers,d_ff,batch_size,seq_len,encoder_seq_len,decoder_seq_len,dtype,device,operation_key,count,avg_ms,min_ms,max_ms,std_ms,total_ms,pct_total
attention_microbench,self,bert_base,768,12,12,64,1,3072,1,1024,,1024,float16,cuda,attn.apply_causal_mask,5,2.8248620219528675,2.774524036794901,2.8816189151257277,0.03550904813142516,14.124310109764338,28.608891273550697
attention_microbench,self,bert_base,768,12,12,64,1,3072,1,1024,,1024,float16,cuda,attn.k_proj,5,0.38361200131475925,0.31958590261638165,0.537326093763113,0.07871773445942584,1.9180600065737963,3.885044278819734
attention_microbench,self,bert_base,768,12,12,64,1,3072,1,1024,,1024,float16,cuda,attn.matmul_qk,5,2.5835594162344933,2.550609176978469,2.620970131829381,0.022860371883085012,12.917797081172466,26.165090494123948
attention_microbench,self,bert_base,768,12,12,64,1,3072,1,1024,,1024,float16,cuda,attn.out_projection,5,0.5630963481962681,0.4686289466917515,0.6130619440227747,0.05342082664447075,2.8154817409813404,5.702778428428766
attention_microbench,self,bert_base,768,12,12,64,1,3072,1,1024,,1024,float16,cuda,attn.q_proj,5,0.43322639539837837,0.3302090335637331,0.5507641471922398,0.09655535006703418,2.166131976991892,4.387515831380767
attention_microbench,self,bert_base,768,12,12,64,1,3072,1,1024,,1024,float16,cuda,attn.softmax,5,1.7116795759648085,1.681602094322443,1.751291798427701,0.02579702398349945,8.558397879824042,17.335096193505912
attention_microbench,self,bert_base,768,12,12,64,1,3072,1,1024,,1024,float16,cuda,attn.v_proj,5,0.4383524414151907,0.3357119858264923,0.5574200768023729,0.0933307190454582,2.1917622070759535,4.439430045957811
attention_microbench,self,bert_base,768,12,12,64,1,3072,1,1024,,1024,float16,cuda,attn.weighted_sum,5,0.9356820490211248,0.9034350514411926,0.9846440516412258,0.02846124781238009,4.678410245105624,9.476153454232367
