architecture,model_family,shape_name,d_model,num_heads,num_kv_heads,head_dim,num_layers,d_ff,batch_size,seq_len,encoder_seq_len,decoder_seq_len,dtype,device,operation_key,count,avg_ms,min_ms,max_ms,std_ms,total_ms,pct_total
attention_microbench,self,llama_7b,4096,32,32,128,1,11008,1,128,,128,float16,cuda,attn.apply_causal_mask,5,0.3883219789713621,0.332934083417058,0.4399979952722788,0.039812306875915124,1.9416098948568106,7.440780215788534
attention_microbench,self,llama_7b,4096,32,32,128,1,11008,1,128,,128,float16,cuda,attn.k_proj,5,1.0155183728784323,1.004690071567893,1.0289768688380718,0.007780933084555663,5.077591864392161,19.458720924578053
attention_microbench,self,llama_7b,4096,32,32,128,1,11008,1,128,,128,float16,cuda,attn.matmul_qk,5,0.327936140820384,0.29988004826009274,0.3498608712106943,0.01835270890494063,1.6396807041019201,6.283704968547011
attention_microbench,self,llama_7b,4096,32,32,128,1,11008,1,128,,128,float16,cuda,attn.out_projection,5,1.0359004605561495,1.009681960567832,1.0558541398495436,0.014924465722640341,5.179502302780747,19.849269600577692
attention_microbench,self,llama_7b,4096,32,32,128,1,11008,1,128,,128,float16,cuda,attn.q_proj,5,1.0163119994103909,1.0051699355244637,1.0237609967589378,0.006162500228834944,5.081559997051954,19.473927894354432
attention_microbench,self,llama_7b,4096,32,32,128,1,11008,1,128,,128,float16,cuda,attn.softmax,5,0.157101359218359,0.14728493988513947,0.17121783457696438,0.008206010676015745,0.785506796091795,3.01027690640107
attention_microbench,self,llama_7b,4096,32,32,128,1,11008,1,128,,128,float16,cuda,attn.v_proj,5,1.012798072770238,1.0029301047325134,1.0199849493801594,0.005508531146550222,5.06399036385119,19.406596254015554
attention_microbench,self,llama_7b,4096,32,32,128,1,11008,1,128,,128,float16,cuda,attn.weighted_sum,5,0.2649457659572363,0.24724495597183704,0.27181883342564106,0.008954940186202088,1.3247288297861814,5.076723235737655
