architecture,model_family,shape_name,d_model,num_heads,num_kv_heads,head_dim,num_layers,d_ff,batch_size,seq_len,encoder_seq_len,decoder_seq_len,dtype,device,operation_key,count,avg_ms,min_ms,max_ms,std_ms,total_ms,pct_total
attention_microbench,self,bert_large,1024,16,16,64,1,4096,1,128,,128,float16,cuda,attn.apply_causal_mask,5,0.3003758378326893,0.2847420983016491,0.31539518386125565,0.010254035202236167,1.5018791891634464,18.657728727701986
attention_microbench,self,bert_large,1024,16,16,64,1,4096,1,128,,128,float16,cuda,attn.k_proj,5,0.18795100040733814,0.1782551407814026,0.19652699120342731,0.006128265823844912,0.9397550020366907,11.674503531983788
attention_microbench,self,bert_large,1024,16,16,64,1,4096,1,128,,128,float16,cuda,attn.matmul_qk,5,0.24294722825288773,0.23351400159299374,0.2523611765354872,0.006974151364858329,1.2147361412644386,15.090572905582004
attention_microbench,self,bert_large,1024,16,16,64,1,4096,1,128,,128,float16,cuda,attn.out_projection,5,0.20006517879664898,0.19902200438082218,0.2012618351727724,0.0008249465061890717,1.000325893983245,12.426971026631767
attention_microbench,self,bert_large,1024,16,16,64,1,4096,1,128,,128,float16,cuda,attn.q_proj,5,0.1886165700852871,0.18219184130430222,0.19220681861042976,0.0038845957904820785,0.9430828504264355,11.715845134524644
attention_microbench,self,bert_large,1024,16,16,64,1,4096,1,128,,128,float16,cuda,attn.softmax,5,0.12178746983408928,0.11778110638260841,0.12645311653614044,0.0031821775375605083,0.6089373491704464,7.564781478406714
attention_microbench,self,bert_large,1024,16,16,64,1,4096,1,128,,128,float16,cuda,attn.v_proj,5,0.18860343843698502,0.18311897292733192,0.1966219861060381,0.005363930309472141,0.9430171921849251,11.71502946728078
attention_microbench,self,bert_large,1024,16,16,64,1,4096,1,128,,128,float16,cuda,attn.weighted_sum,5,0.1795804128050804,0.164529075846076,0.2266999799758196,0.0237342221279901,0.8979020640254021,11.154567727888317
