architecture,model_family,shape_name,d_model,num_heads,num_kv_heads,head_dim,num_layers,d_ff,batch_size,seq_len,encoder_seq_len,decoder_seq_len,dtype,device,operation_key,count,avg_ms,min_ms,max_ms,std_ms,total_ms,pct_total
attention_microbench,self,gpt2_medium,1024,16,16,64,1,4096,1,256,,256,float16,cuda,attn.apply_causal_mask,5,0.5959168076515198,0.4127968568354845,0.6540869362652302,0.09212318662833724,2.979584038257599,22.841279809022495
attention_microbench,self,gpt2_medium,1024,16,16,64,1,4096,1,256,,256,float16,cuda,attn.k_proj,5,0.2572515979409218,0.2482349518686533,0.2708570100367069,0.0074710725312427196,1.286257989704609,9.860362477513624
attention_microbench,self,gpt2_medium,1024,16,16,64,1,4096,1,256,,256,float16,cuda,attn.matmul_qk,5,0.3332575783133507,0.32077194191515446,0.36195293068885803,0.014906462520978358,1.6662878915667534,12.773644738652568
attention_microbench,self,gpt2_medium,1024,16,16,64,1,4096,1,256,,256,float16,cuda,attn.out_projection,5,0.3405335359275341,0.24957791902124882,0.47304690815508366,0.10676699903804529,1.7026676796376705,13.052529612531368
attention_microbench,self,gpt2_medium,1024,16,16,64,1,4096,1,256,,256,float16,cuda,attn.q_proj,5,0.25032092817127705,0.24279486387968063,0.2603938337415457,0.006937160953368687,1.2516046408563852,9.594712364209617
attention_microbench,self,gpt2_medium,1024,16,16,64,1,4096,1,256,,256,float16,cuda,attn.softmax,5,0.3924973774701357,0.3266280982643366,0.4412098787724972,0.052881884482173014,1.9624868873506784,15.04428522235192
attention_microbench,self,gpt2_medium,1024,16,16,64,1,4096,1,256,,256,float16,cuda,attn.v_proj,5,0.25064083747565746,0.244170892983675,0.2598501741886139,0.00560245657505402,1.2532041873782873,9.60697437434432
attention_microbench,self,gpt2_medium,1024,16,16,64,1,4096,1,256,,256,float16,cuda,attn.weighted_sum,5,0.18852800130844116,0.17419294454157352,0.21726195700466633,0.015914124751131613,0.9426400065422058,7.2262114013740915
