architecture,model_family,shape_name,d_model,num_heads,num_kv_heads,head_dim,num_layers,d_ff,batch_size,seq_len,encoder_seq_len,decoder_seq_len,dtype,device,operation_key,count,avg_ms,min_ms,max_ms,std_ms,total_ms,pct_total
attention_microbench,self,gpt2_medium,1024,16,16,64,1,4096,1,4096,,4096,float16,cuda,attn.apply_causal_mask,5,29.780392441898584,29.282564064487815,31.18842002004385,0.713463342028279,148.90196220949292,32.01918012645943
attention_microbench,self,gpt2_medium,1024,16,16,64,1,4096,1,4096,,4096,float16,cuda,attn.k_proj,5,0.8336899802088737,0.7005168590694666,0.9288180153816938,0.10520201641426027,4.168449901044369,0.8963639313354362
attention_microbench,self,gpt2_medium,1024,16,16,64,1,4096,1,4096,,4096,float16,cuda,attn.matmul_qk,5,17.130817472934723,16.859000083059072,17.768780002370477,0.32972516559975595,85.65408736467361,18.41865353015563
attention_microbench,self,gpt2_medium,1024,16,16,64,1,4096,1,4096,,4096,float16,cuda,attn.out_projection,5,0.8894420228898525,0.7350421510636806,0.9370730258524418,0.07741719971270758,4.447210114449263,0.9563072212199837
attention_microbench,self,gpt2_medium,1024,16,16,64,1,4096,1,4096,,4096,float16,cuda,attn.q_proj,5,0.8285639807581902,0.6889340002089739,0.9624469093978405,0.11555761768851072,4.142819903790951,0.8908525768407032
attention_microbench,self,gpt2_medium,1024,16,16,64,1,4096,1,4096,,4096,float16,cuda,attn.softmax,5,37.58270684629679,36.90278809517622,40.16555403359234,1.2917080204613274,187.91353423148394,40.408045746853794
attention_microbench,self,gpt2_medium,1024,16,16,64,1,4096,1,4096,,4096,float16,cuda,attn.v_proj,5,0.8163153659552336,0.6859579589217901,0.9067079517990351,0.10291777200787923,4.081576829776168,0.8776831532194179
attention_microbench,self,gpt2_medium,1024,16,16,64,1,4096,1,4096,,4096,float16,cuda,attn.weighted_sum,5,5.146051244810224,4.945920081809163,5.209194030612707,0.10040965370919755,25.730256224051118,5.5329137139156055
