architecture,model_family,shape_name,d_model,num_heads,num_kv_heads,head_dim,num_layers,d_ff,batch_size,seq_len,encoder_seq_len,decoder_seq_len,dtype,device,operation_key,count,avg_ms,min_ms,max_ms,std_ms,total_ms,pct_total
attention_microbench,self,llama_7b,4096,32,32,128,1,11008,1,4096,,4096,float16,cuda,attn.apply_causal_mask,5,56.37487219646573,51.83703009970486,57.676370022818446,2.270573803998329,281.87436098232865,27.735672672173035
attention_microbench,self,llama_7b,4096,32,32,128,1,11008,1,4096,,4096,float16,cuda,attn.k_proj,5,6.675360770896077,6.606641924008727,6.839522160589695,0.08364662130604195,33.376803854480386,3.2841869807705826
attention_microbench,self,llama_7b,4096,32,32,128,1,11008,1,4096,,4096,float16,cuda,attn.matmul_qk,5,37.609404604882,37.513266084715724,37.761376006528735,0.09798086865530183,188.04702302441,18.50331707859233
attention_microbench,self,llama_7b,4096,32,32,128,1,11008,1,4096,,4096,float16,cuda,attn.out_projection,5,6.738787237554789,6.633648881688714,6.877248175442219,0.09997570727455356,33.69393618777394,3.3153919422979063
attention_microbench,self,llama_7b,4096,32,32,128,1,11008,1,4096,,4096,float16,cuda,attn.q_proj,5,6.669831648468971,6.606643088161945,6.82237115688622,0.07813353146249327,33.349158242344856,3.2814667275118587
attention_microbench,self,llama_7b,4096,32,32,128,1,11008,1,4096,,4096,float16,cuda,attn.softmax,5,72.77945983223617,69.45539498701692,73.82505410350859,1.6658259044192343,363.89729916118085,35.80650734124445
attention_microbench,self,llama_7b,4096,32,32,128,1,11008,1,4096,,4096,float16,cuda,attn.v_proj,5,6.671566376462579,6.611634977161884,6.837794091552496,0.08453249045336962,33.357831882312894,3.282320190161641
attention_microbench,self,llama_7b,4096,32,32,128,1,11008,1,4096,,4096,float16,cuda,attn.weighted_sum,5,9.738351870328188,8.818606147542596,10.109262075275183,0.46572530113978033,48.69175935164094,4.791137067248195
