architecture,model_family,shape_name,d_model,num_heads,num_kv_heads,head_dim,num_layers,d_ff,batch_size,seq_len,encoder_seq_len,decoder_seq_len,dtype,device,operation_key,count,avg_ms,min_ms,max_ms,std_ms,total_ms,pct_total
attention_microbench,self,llama_7b,4096,32,32,128,1,11008,1,2048,,2048,float16,cuda,attn.apply_causal_mask,5,14.696268737316132,14.643183909356594,14.865664066746831,0.08500311430874165,73.48134368658066,19.41218858574562
attention_microbench,self,llama_7b,4096,32,32,128,1,11008,1,2048,,2048,float16,cuda,attn.k_proj,5,3.545447764918208,3.414110979065299,3.6305419635027647,0.09379925387818795,17.72723882459104,4.683154742451419
attention_microbench,self,llama_7b,4096,32,32,128,1,11008,1,2048,,2048,float16,cuda,attn.matmul_qk,5,9.809673856943846,9.722210932523012,9.910133201628923,0.07882779511315811,49.04836928471923,12.957522911385523
attention_microbench,self,llama_7b,4096,32,32,128,1,11008,1,2048,,2048,float16,cuda,attn.out_projection,5,3.5904046148061752,3.411870915442705,3.6444300785660744,0.0902889843921797,17.952023074030876,4.742537900438339
attention_microbench,self,llama_7b,4096,32,32,128,1,11008,1,2048,,2048,float16,cuda,attn.q_proj,5,3.595345187932253,3.4448609221726656,3.6778668873012066,0.07923405448067075,17.976725939661264,4.749063865563184
attention_microbench,self,llama_7b,4096,32,32,128,1,11008,1,2048,,2048,float16,cuda,attn.softmax,5,34.09703359939158,33.99218991398811,34.22222100198269,0.10254500113812741,170.4851679969579,45.038509997114524
attention_microbench,self,llama_7b,4096,32,32,128,1,11008,1,2048,,2048,float16,cuda,attn.v_proj,5,3.5316124092787504,3.391199978068471,3.615183988586068,0.09248326087675596,17.658062046393752,4.66487972736939
attention_microbench,self,llama_7b,4096,32,32,128,1,11008,1,2048,,2048,float16,cuda,attn.weighted_sum,5,2.840611757710576,2.6980689726769924,2.93891504406929,0.10761791587914961,14.20305878855288,3.7521422699320013
