architecture,model_family,shape_name,d_model,num_heads,num_kv_heads,head_dim,num_layers,d_ff,batch_size,seq_len,encoder_seq_len,decoder_seq_len,dtype,device,operation_key,count,avg_ms,min_ms,max_ms,std_ms,total_ms,pct_total
attention_microbench,self,bart_large,1024,16,16,64,1,4096,1,256,,256,float16,cuda,attn.apply_causal_mask,5,0.6440404336899519,0.6276059430092573,0.6661000661551952,0.01663784749332186,3.2202021684497595,24.815801298800007
attention_microbench,self,bart_large,1024,16,16,64,1,4096,1,256,,256,float16,cuda,attn.k_proj,5,0.25115138851106167,0.24251197464764118,0.26718294247984886,0.008739260721469858,1.2557569425553083,9.677223085978843
attention_microbench,self,bart_large,1024,16,16,64,1,4096,1,256,,256,float16,cuda,attn.matmul_qk,5,0.3257064148783684,0.3182189539074898,0.33226609230041504,0.0052041708777151915,1.6285320743918419,12.549935144688744
attention_microbench,self,bart_large,1024,16,16,64,1,4096,1,256,,256,float16,cuda,attn.out_projection,5,0.2994553651660681,0.24545611813664436,0.4760639276355505,0.08845643602597307,1.4972768258303404,11.53844456200434
attention_microbench,self,bart_large,1024,16,16,64,1,4096,1,256,,256,float16,cuda,attn.q_proj,5,0.2540565561503172,0.2446877770125866,0.26590190827846527,0.007404699874653979,1.270282780751586,9.789163360384311
attention_microbench,self,bart_large,1024,16,16,64,1,4096,1,256,,256,float16,cuda,attn.softmax,5,0.39418195374310017,0.33188192173838615,0.43757096864283085,0.04894995528963287,1.9709097687155008,15.188395833499303
attention_microbench,self,bart_large,1024,16,16,64,1,4096,1,256,,256,float16,cuda,attn.v_proj,5,0.24537877179682255,0.24206400848925114,0.25028781965374947,0.002771099667218348,1.2268938589841127,9.45479588752805
attention_microbench,self,bart_large,1024,16,16,64,1,4096,1,256,,256,float16,cuda,attn.weighted_sum,5,0.18131276592612267,0.1660049892961979,0.1971069723367691,0.013255204102945473,0.9065638296306133,6.9862408271164025
