architecture,model_family,shape_name,d_model,num_heads,num_kv_heads,head_dim,num_layers,d_ff,batch_size,seq_len,encoder_seq_len,decoder_seq_len,dtype,device,operation_key,count,avg_ms,min_ms,max_ms,std_ms,total_ms,pct_total
attention_microbench,self,bart_large,1024,16,16,64,1,4096,1,4096,,4096,float16,cuda,attn.apply_causal_mask,5,29.341608611866832,29.326992109417915,29.358061961829662,0.011484979111459511,146.70804305933416,32.31673648161387
attention_microbench,self,bart_large,1024,16,16,64,1,4096,1,4096,,4096,float16,cuda,attn.k_proj,5,0.7018236443400383,0.6892671808600426,0.7201139815151691,0.010787389016521381,3.5091182217001915,0.7729859010364558
attention_microbench,self,bart_large,1024,16,16,64,1,4096,1,4096,,4096,float16,cuda,attn.matmul_qk,5,16.95791301317513,16.910006059333682,17.007311107590795,0.03337919958990563,84.78956506587565,18.677381099796623
attention_microbench,self,bart_large,1024,16,16,64,1,4096,1,4096,,4096,float16,cuda,attn.out_projection,5,0.7153070531785488,0.7007550448179245,0.7275680545717478,0.011421345216355088,3.576535265892744,0.7878364764112421
attention_microbench,self,bart_large,1024,16,16,64,1,4096,1,4096,,4096,float16,cuda,attn.q_proj,5,0.6860225927084684,0.6782598793506622,0.7011070847511292,0.008251610539206552,3.430112963542342,0.7555826826763249
attention_microbench,self,bart_large,1024,16,16,64,1,4096,1,4096,,4096,float16,cuda,attn.softmax,5,36.724924156442285,36.682705860584974,36.80708212777972,0.0437474543572576,183.62462078221142,40.4486922298801
attention_microbench,self,bart_large,1024,16,16,64,1,4096,1,4096,,4096,float16,cuda,attn.v_proj,5,0.6867838092148304,0.6814911030232906,0.6941631436347961,0.0046673935539008,3.433919046074152,0.7564210836504147
attention_microbench,self,bart_large,1024,16,16,64,1,4096,1,4096,,4096,float16,cuda,attn.weighted_sum,5,4.979465156793594,4.954269854351878,4.99727507121861,0.015175161265358889,24.897325783967972,5.484364044934969
