architecture,model_family,shape_name,d_model,num_heads,num_kv_heads,head_dim,num_layers,d_ff,batch_size,seq_len,encoder_seq_len,decoder_seq_len,dtype,device,operation_key,count,avg_ms,min_ms,max_ms,std_ms,total_ms,pct_total
attention_microbench,self,gpt3_2p7b,2560,32,32,80,1,10240,1,1024,,1024,float16,cuda,attn.apply_causal_mask,5,6.430250965058804,6.392794894054532,6.563309114426374,0.06661760554112288,32.15125482529402,25.74209842086876
attention_microbench,self,gpt3_2p7b,2560,32,32,80,1,10240,1,1024,,1024,float16,cuda,attn.k_proj,5,2.137439651414752,2.0484421402215958,2.2685520816594362,0.08100359057228272,10.68719825707376,8.55677051710264
attention_microbench,self,gpt3_2p7b,2560,32,32,80,1,10240,1,1024,,1024,float16,cuda,attn.matmul_qk,5,4.547164728865027,4.4633508659899235,4.678661003708839,0.09257813492746374,22.735823644325137,18.203575975868016
attention_microbench,self,gpt3_2p7b,2560,32,32,80,1,10240,1,1024,,1024,float16,cuda,attn.out_projection,5,2.101468201726675,2.051066141575575,2.283654874190688,0.09118531224439802,10.507341008633375,8.412766713325233
attention_microbench,self,gpt3_2p7b,2560,32,32,80,1,10240,1,1024,,1024,float16,cuda,attn.q_proj,5,2.10517980158329,2.0244119223207235,2.2440419998019934,0.08982512402804937,10.52589900791645,8.42762528872564
attention_microbench,self,gpt3_2p7b,2560,32,32,80,1,10240,1,1024,,1024,float16,cuda,attn.softmax,5,3.791232407093048,3.745456924661994,3.9622390177100897,0.08554326311121563,18.95616203546524,15.177366838416072
attention_microbench,self,gpt3_2p7b,2560,32,32,80,1,10240,1,1024,,1024,float16,cuda,attn.v_proj,5,2.1138384006917477,2.024892019107938,2.269288059324026,0.10839156677271383,10.569192003458738,8.462288089858585
attention_microbench,self,gpt3_2p7b,2560,32,32,80,1,10240,1,1024,,1024,float16,cuda,attn.weighted_sum,5,1.7529394011944532,1.70498201623559,1.9375388510525227,0.0923132388629488,8.764697005972266,7.017508155835052
