architecture,model_family,shape_name,d_model,num_heads,num_kv_heads,head_dim,num_layers,d_ff,batch_size,seq_len,encoder_seq_len,decoder_seq_len,dtype,device,operation_key,count,avg_ms,min_ms,max_ms,std_ms,total_ms,pct_total
attention_microbench,self,bart_large,1024,16,16,64,1,4096,1,2048,,2048,float16,cuda,attn.apply_causal_mask,5,8.25828262604773,7.438169093802571,10.928852949291468,1.3376302270314737,41.29141313023865,21.882343867631146
attention_microbench,self,bart_large,1024,16,16,64,1,4096,1,2048,,2048,float16,cuda,attn.k_proj,5,0.5301160272210836,0.4309159703552723,0.9170279372483492,0.19346211786616543,2.650580136105418,1.4046723420200877
attention_microbench,self,bart_large,1024,16,16,64,1,4096,1,2048,,2048,float16,cuda,attn.matmul_qk,5,6.222191732376814,5.284646991640329,9.078861912712455,1.4368372246083123,31.11095866188407,16.4872220125703
attention_microbench,self,bart_large,1024,16,16,64,1,4096,1,2048,,2048,float16,cuda,attn.out_projection,5,0.7406748365610838,0.44867489486932755,0.934242969378829,0.17790732307004684,3.703374182805419,1.9625995139243444
attention_microbench,self,bart_large,1024,16,16,64,1,4096,1,2048,,2048,float16,cuda,attn.q_proj,5,0.5325478501617908,0.42957207188010216,0.9002611041069031,0.18397383253196253,2.6627392508089542,1.411116052925053
attention_microbench,self,bart_large,1024,16,16,64,1,4096,1,2048,,2048,float16,cuda,attn.softmax,5,19.09655025228858,15.170945087447762,27.737355092540383,5.091686393801376,95.4827512614429,50.60099033036676
attention_microbench,self,bart_large,1024,16,16,64,1,4096,1,2048,,2048,float16,cuda,attn.v_proj,5,0.5244453437626362,0.4234279040247202,0.8986929897218943,0.18719302309975375,2.622226718813181,1.3896464763502878
attention_microbench,self,bart_large,1024,16,16,64,1,4096,1,2048,,2048,float16,cuda,attn.weighted_sum,5,1.8346705939620733,1.641876995563507,2.3013539612293243,0.2579039760639901,9.173352969810367,4.8614094042120195
