architecture,model_family,shape_name,d_model,num_heads,num_kv_heads,head_dim,num_layers,d_ff,batch_size,seq_len,encoder_seq_len,decoder_seq_len,dtype,device,operation_key,count,avg_ms,min_ms,max_ms,std_ms,total_ms,pct_total
attention_microbench,self,bert_large,1024,16,16,64,1,4096,1,4096,,4096,float16,cuda,attn.apply_causal_mask,5,29.691239912062883,29.289227910339832,30.735628912225366,0.5355964901858841,148.45619956031442,31.81060999642704
attention_microbench,self,bert_large,1024,16,16,64,1,4096,1,4096,,4096,float16,cuda,attn.k_proj,5,0.8810360450297594,0.722111901268363,0.9320140816271305,0.07980651588538362,4.405180225148797,0.9439246762426299
attention_microbench,self,bert_large,1024,16,16,64,1,4096,1,4096,,4096,float16,cuda,attn.matmul_qk,5,17.016382236033678,16.86616218648851,17.180758994072676,0.12289563564966706,85.08191118016839,18.23101697550454
attention_microbench,self,bert_large,1024,16,16,64,1,4096,1,4096,,4096,float16,cuda,attn.out_projection,5,0.9423168376088142,0.927342101931572,0.9639470372349024,0.012802882659109626,4.711584188044071,1.0095797111545355
attention_microbench,self,bert_large,1024,16,16,64,1,4096,1,4096,,4096,float16,cuda,attn.q_proj,5,0.8661126252263784,0.7013778667896986,0.9180950000882149,0.08255630403869657,4.330563126131892,0.9279360180193862
attention_microbench,self,bert_large,1024,16,16,64,1,4096,1,4096,,4096,float16,cuda,attn.softmax,5,37.854572385549545,36.874511977657676,41.315751848742366,1.7349365571174684,189.27286192774773,40.556643720661974
attention_microbench,self,bert_large,1024,16,16,64,1,4096,1,4096,,4096,float16,cuda,attn.v_proj,5,0.8691460359841585,0.6932830438017845,0.9393410291522741,0.08910727814660561,4.345730179920793,0.9311859545953088
attention_microbench,self,bert_large,1024,16,16,64,1,4096,1,4096,,4096,float16,cuda,attn.weighted_sum,5,5.216731037944555,5.176120204851031,5.248914007097483,0.029682563931908698,26.083655189722776,5.589102947394581
