architecture,model_family,shape_name,d_model,num_heads,num_kv_heads,head_dim,num_layers,d_ff,batch_size,seq_len,encoder_seq_len,decoder_seq_len,dtype,device,operation_key,count,avg_ms,min_ms,max_ms,std_ms,total_ms,pct_total
attention_microbench,self,t5_base,768,12,12,64,1,3072,1,1024,,1024,float16,cuda,attn.apply_causal_mask,5,2.602169243618846,2.5751760695129633,2.623779932036996,0.0195422328453193,13.01084621809423,30.455813019923575
attention_microbench,self,t5_base,768,12,12,64,1,3072,1,1024,,1024,float16,cuda,attn.k_proj,5,0.3472199197858572,0.3334160428494215,0.36698183976113796,0.012424541036845062,1.736099598929286,4.063865169309444
attention_microbench,self,t5_base,768,12,12,64,1,3072,1,1024,,1024,float16,cuda,attn.matmul_qk,5,2.3746845312416553,2.34219990670681,2.422003075480461,0.028544626442869734,11.873422656208277,27.793329831314484
attention_microbench,self,t5_base,768,12,12,64,1,3072,1,1024,,1024,float16,cuda,attn.out_projection,5,0.3612155560404062,0.34599099308252335,0.3781169652938843,0.010345859726660878,1.8060777802020311,4.227670226151413
attention_microbench,self,t5_base,768,12,12,64,1,3072,1,1024,,1024,float16,cuda,attn.q_proj,5,0.3498950507491827,0.33546402119100094,0.3630139399319887,0.011077471774099831,1.7494752537459135,4.095174926975146
attention_microbench,self,t5_base,768,12,12,64,1,3072,1,1024,,1024,float16,cuda,attn.softmax,5,1.4743583742529154,1.4595440588891506,1.5007560141384602,0.01507169035807151,7.371791871264577,17.255904119502556
attention_microbench,self,t5_base,768,12,12,64,1,3072,1,1024,,1024,float16,cuda,attn.v_proj,5,0.33946423791348934,0.32756105065345764,0.36551011726260185,0.014092481828798418,1.6973211895674467,3.9730925965699573
attention_microbench,self,t5_base,768,12,12,64,1,3072,1,1024,,1024,float16,cuda,attn.weighted_sum,5,0.6950737908482552,0.6751520559191704,0.7349560037255287,0.021571913347226846,3.475368954241276,8.135150110253425
