architecture,model_family,shape_name,d_model,num_heads,num_kv_heads,head_dim,num_layers,d_ff,batch_size,seq_len,encoder_seq_len,decoder_seq_len,dtype,device,operation_key,count,avg_ms,min_ms,max_ms,std_ms,total_ms,pct_total
attention_microbench,self,t5_base,768,12,12,64,1,3072,1,512,,512,float16,cuda,attn.apply_causal_mask,5,0.8410787675529718,0.8343078661710024,0.8478111121803522,0.004551954583593084,4.205393837764859,24.92074032112879
attention_microbench,self,t5_base,768,12,12,64,1,3072,1,512,,512,float16,cuda,attn.k_proj,5,0.25841351598501205,0.25537284091115,0.26398105546832085,0.0030960189927122165,1.2920675799250603,7.656662343371736
attention_microbench,self,t5_base,768,12,12,64,1,3072,1,512,,512,float16,cuda,attn.matmul_qk,5,0.7440807763487101,0.7334190886467695,0.7664728909730911,0.01190453408778191,3.7204038817435503,22.046738689265812
attention_microbench,self,t5_base,768,12,12,64,1,3072,1,512,,512,float16,cuda,attn.out_projection,5,0.27506519109010696,0.2663489431142807,0.28433208353817463,0.005712749520055024,1.3753259554505348,8.150043091066975
attention_microbench,self,t5_base,768,12,12,64,1,3072,1,512,,512,float16,cuda,attn.q_proj,5,0.2517515793442726,0.2411350142210722,0.26254099793732166,0.0069685020261319045,1.258757896721363,7.459272515611966
attention_microbench,self,t5_base,768,12,12,64,1,3072,1,512,,512,float16,cuda,attn.softmax,5,0.4438081756234169,0.43900799937546253,0.4492797888815403,0.004232945177500238,2.2190408781170845,13.149812744985889
attention_microbench,self,t5_base,768,12,12,64,1,3072,1,512,,512,float16,cuda,attn.v_proj,5,0.25304420851171017,0.24276599287986755,0.26030116714537144,0.006411521291145682,1.2652210425585508,7.497572466884009
attention_microbench,self,t5_base,768,12,12,64,1,3072,1,512,,512,float16,cuda,attn.weighted_sum,5,0.3077729605138302,0.3020258154720068,0.31303311698138714,0.0037510462596541463,1.538864802569151,9.119157827684823
