architecture,model_family,shape_name,d_model,num_heads,num_kv_heads,head_dim,num_layers,d_ff,batch_size,seq_len,encoder_seq_len,decoder_seq_len,dtype,device,operation_key,count,avg_ms,min_ms,max_ms,std_ms,total_ms,pct_total
attention_microbench,self,bert_large,1024,16,16,64,1,4096,1,8192,,8192,float16,cuda,attn.apply_causal_mask,5,95.9041828289628,95.7274551037699,96.13399091176689,0.13124559145057743,479.520914144814,37.499770304360354
attention_microbench,self,bert_large,1024,16,16,64,1,4096,1,8192,,8192,float16,cuda,attn.k_proj,5,1.3043149840086699,1.276560127735138,1.3384749181568623,0.023841372880065506,6.521574920043349,0.5100039525084137
attention_microbench,self,bert_large,1024,16,16,64,1,4096,1,8192,,8192,float16,cuda,attn.matmul_qk,5,53.06866471655667,52.84022190608084,53.818471962586045,0.37617739803092637,265.34332358278334,20.75053119194082
attention_microbench,self,bert_large,1024,16,16,64,1,4096,1,8192,,8192,float16,cuda,attn.out_projection,5,1.2958166189491749,1.2887190096080303,1.300655072554946,0.004811426319285285,6.479083094745874,0.5066809823491036
attention_microbench,self,bert_large,1024,16,16,64,1,4096,1,8192,,8192,float16,cuda,attn.q_proj,5,1.3081228360533714,1.2755049392580986,1.3760400470346212,0.03554859372121148,6.540614180266857,0.5114928716860471
attention_microbench,self,bert_large,1024,16,16,64,1,4096,1,8192,,8192,float16,cuda,attn.softmax,5,81.70718704350293,81.64900401607156,81.74985903315246,0.0328704852196618,408.53593521751463,31.948562158244552
attention_microbench,self,bert_large,1024,16,16,64,1,4096,1,8192,,8192,float16,cuda,attn.v_proj,5,1.2943128123879433,1.2605939991772175,1.3526820112019777,0.03244985892050313,6.471564061939716,0.5060929746213391
attention_microbench,self,bert_large,1024,16,16,64,1,4096,1,8192,,8192,float16,cuda,attn.weighted_sum,5,19.863452203571796,19.776708213612437,20.075432024896145,0.11023538761000498,99.31726101785898,7.766865564289368
