architecture,model_family,shape_name,d_model,num_heads,num_kv_heads,head_dim,num_layers,d_ff,batch_size,seq_len,encoder_seq_len,decoder_seq_len,dtype,device,operation_key,count,avg_ms,min_ms,max_ms,std_ms,total_ms,pct_total
attention_microbench,self,gpt2_medium,1024,16,16,64,1,4096,1,2048,,2048,float16,cuda,attn.apply_causal_mask,5,7.936442643404007,7.4001101311296225,9.610995184630156,0.8427939470389467,39.682213217020035,22.323532852934864
attention_microbench,self,gpt2_medium,1024,16,16,64,1,4096,1,2048,,2048,float16,cuda,attn.k_proj,5,0.5098321940749884,0.42550009675323963,0.8132108487188816,0.1518331930239575,2.549160970374942,1.4340500203042292
attention_microbench,self,gpt2_medium,1024,16,16,64,1,4096,1,2048,,2048,float16,cuda,attn.matmul_qk,5,5.821747146546841,5.275841103866696,7.594716968014836,0.8904190125386271,29.108735732734203,16.375342143426167
attention_microbench,self,gpt2_medium,1024,16,16,64,1,4096,1,2048,,2048,float16,cuda,attn.out_projection,5,0.7233945652842522,0.49259793013334274,0.9099070448428392,0.14418652721575817,3.616972826421261,2.034755755108842
attention_microbench,self,gpt2_medium,1024,16,16,64,1,4096,1,2048,,2048,float16,cuda,attn.q_proj,5,0.5246467888355255,0.42409193702042103,0.8154509123414755,0.14747166614912038,2.6232339441776276,1.475720338820879
attention_microbench,self,gpt2_medium,1024,16,16,64,1,4096,1,2048,,2048,float16,cuda,attn.softmax,5,17.78150419704616,15.038408106192946,23.268880089744925,3.3708764833042353,88.9075209852308,50.015606607736494
attention_microbench,self,gpt2_medium,1024,16,16,64,1,4096,1,2048,,2048,float16,cuda,attn.v_proj,5,0.521338451653719,0.4246679600328207,0.8366010151803493,0.1587813216066597,2.6066922582685947,1.4664146867693235
attention_microbench,self,gpt2_medium,1024,16,16,64,1,4096,1,2048,,2048,float16,cuda,attn.weighted_sum,5,1.7330055125057697,1.4318148605525494,1.978935906663537,0.21277829008320417,8.665027562528849,4.874577594899202
