architecture,model_family,shape_name,d_model,num_heads,num_kv_heads,head_dim,num_layers,d_ff,batch_size,seq_len,encoder_seq_len,decoder_seq_len,dtype,device,operation_key,count,avg_ms,min_ms,max_ms,std_ms,total_ms,pct_total
attention_microbench,self,gpt3_2p7b,2560,32,32,80,1,10240,1,256,,256,float16,cuda,attn.apply_causal_mask,5,0.6882512476295233,0.67703309468925,0.6969990208745003,0.006784247755072701,3.4412562381476164,15.265890659736032
attention_microbench,self,gpt3_2p7b,2560,32,32,80,1,10240,1,256,,256,float16,cuda,attn.k_proj,5,0.6712606176733971,0.6637221667915583,0.6800729315727949,0.005494368171573483,3.3563030883669853,14.88902668739511
attention_microbench,self,gpt3_2p7b,2560,32,32,80,1,10240,1,256,,256,float16,cuda,attn.matmul_qk,5,0.4833331797271967,0.4760250449180603,0.4924710374325514,0.005848959069122698,2.4166658986359835,10.72066559901056
attention_microbench,self,gpt3_2p7b,2560,32,32,80,1,10240,1,256,,256,float16,cuda,attn.out_projection,5,0.6971011869609356,0.6870478391647339,0.7072698790580034,0.006684620338971546,3.485505934804678,15.462188460348756
attention_microbench,self,gpt3_2p7b,2560,32,32,80,1,10240,1,256,,256,float16,cuda,attn.q_proj,5,0.6647777743637562,0.656171003356576,0.6766808219254017,0.007735672934779853,3.323888871818781,14.745232720482534
attention_microbench,self,gpt3_2p7b,2560,32,32,80,1,10240,1,256,,256,float16,cuda,attn.softmax,5,0.3409510478377342,0.3364200238138437,0.3457630518823862,0.0032536796337043106,1.7047552391886711,7.562531029969192
attention_microbench,self,gpt3_2p7b,2560,32,32,80,1,10240,1,256,,256,float16,cuda,attn.v_proj,5,0.6650845985859632,0.6586981471627951,0.6720719393342733,0.004922374625745195,3.3254229929298162,14.75203829481909
attention_microbench,self,gpt3_2p7b,2560,32,32,80,1,10240,1,256,,256,float16,cuda,attn.weighted_sum,5,0.2976654563099146,0.29303180053830147,0.2996551338583231,0.002387882406831335,1.488327281549573,6.602426548238725
