architecture,model_family,shape_name,d_model,num_heads,num_kv_heads,head_dim,num_layers,d_ff,batch_size,seq_len,encoder_seq_len,decoder_seq_len,dtype,device,operation_key,count,avg_ms,min_ms,max_ms,std_ms,total_ms,pct_total
attention_microbench,self,gpt3_2p7b,2560,32,32,80,1,10240,1,128,,128,float16,cuda,attn.apply_causal_mask,5,0.3515999298542738,0.3348519094288349,0.36752200685441494,0.011936821830243317,1.757999649271369,11.041089552889416
attention_microbench,self,gpt3_2p7b,2560,32,32,80,1,10240,1,128,,128,float16,cuda,attn.k_proj,5,0.5531131755560637,0.541043933480978,0.5628978833556175,0.008546788043591219,2.7655658777803183,17.36909363641988
attention_microbench,self,gpt3_2p7b,2560,32,32,80,1,10240,1,128,,128,float16,cuda,attn.matmul_qk,5,0.2960268408060074,0.28032902628183365,0.32723695039749146,0.01628182729313173,1.480134204030037,9.29595993023301
attention_microbench,self,gpt3_2p7b,2560,32,32,80,1,10240,1,128,,128,float16,cuda,attn.out_projection,5,0.5621806252747774,0.5555700045078993,0.5676650907844305,0.005157782834661038,2.810903126373887,17.653833523603975
attention_microbench,self,gpt3_2p7b,2560,32,32,80,1,10240,1,128,,128,float16,cuda,attn.q_proj,5,0.5474427714943886,0.5289800465106964,0.5714087747037411,0.015106669331450958,2.737213857471943,17.19102921225469
attention_microbench,self,gpt3_2p7b,2560,32,32,80,1,10240,1,128,,128,float16,cuda,attn.softmax,5,0.15321020036935806,0.14446908608078957,0.16552302986383438,0.007389454644274792,0.7660510018467903,4.81117144532801
attention_microbench,self,gpt3_2p7b,2560,32,32,80,1,10240,1,128,,128,float16,cuda,attn.v_proj,5,0.5331015679985285,0.5228370428085327,0.5502270068973303,0.009444822980279122,2.6655078399926424,16.740680680730154
attention_microbench,self,gpt3_2p7b,2560,32,32,80,1,10240,1,128,,128,float16,cuda,attn.weighted_sum,5,0.18779258243739605,0.17569703049957752,0.22379006259143353,0.018088286549622887,0.9389629121869802,5.897142018540863
