architecture,model_family,shape_name,d_model,num_heads,num_kv_heads,head_dim,num_layers,d_ff,batch_size,seq_len,encoder_seq_len,decoder_seq_len,dtype,device,operation_key,count,avg_ms,min_ms,max_ms,std_ms,total_ms,pct_total
attention_microbench,self,gpt3_2p7b,2560,32,32,80,1,10240,1,512,,512,float16,cuda,attn.apply_causal_mask,5,2.088847616687417,2.024795161560178,2.163663972169161,0.05329097752833681,10.444238083437085,19.168303838123975
attention_microbench,self,gpt3_2p7b,2560,32,32,80,1,10240,1,512,,512,float16,cuda,attn.k_proj,5,1.2921958696097136,1.2593530118465424,1.3360201846808195,0.02825058842366064,6.460979348048568,11.857831490038452
attention_microbench,self,gpt3_2p7b,2560,32,32,80,1,10240,1,512,,512,float16,cuda,attn.matmul_qk,5,1.5322337858378887,1.4783749356865883,1.6013418789952993,0.04279125337856188,7.661168929189444,14.060538702462333
attention_microbench,self,gpt3_2p7b,2560,32,32,80,1,10240,1,512,,512,float16,cuda,attn.out_projection,5,1.3211662415415049,1.291383057832718,1.3521139044314623,0.021896821613577658,6.605831207707524,12.123678020467834
attention_microbench,self,gpt3_2p7b,2560,32,32,80,1,10240,1,512,,512,float16,cuda,attn.q_proj,5,1.2807723600417376,1.235930947586894,1.3326599728316069,0.03254015711147924,6.403861800208688,11.753003689031152
attention_microbench,self,gpt3_2p7b,2560,32,32,80,1,10240,1,512,,512,float16,cuda,attn.softmax,5,1.2422795873135328,1.219515921548009,1.2712888419628143,0.020195255429139046,6.211397936567664,11.399774876488005
attention_microbench,self,gpt3_2p7b,2560,32,32,80,1,10240,1,512,,512,float16,cuda,attn.v_proj,5,1.2972831726074219,1.241018995642662,1.359537011012435,0.043203211830819634,6.486415863037109,11.904515110613568
attention_microbench,self,gpt3_2p7b,2560,32,32,80,1,10240,1,512,,512,float16,cuda,attn.weighted_sum,5,0.8426259271800518,0.7909119594842196,0.8872880134731531,0.03410170734787734,4.213129635900259,7.732354272774683
