architecture,model_family,shape_name,d_model,num_heads,num_kv_heads,head_dim,num_layers,d_ff,batch_size,seq_len,encoder_seq_len,decoder_seq_len,dtype,device,operation_key,count,avg_ms,min_ms,max_ms,std_ms,total_ms,pct_total
attention_microbench,self,t5_large,1024,16,16,64,1,4096,1,512,,512,float16,cuda,attn.apply_causal_mask,5,1.2499679811298847,1.2407461181282997,1.2559769675135612,0.005276526415836314,6.249839905649424,21.084122354409942
attention_microbench,self,t5_large,1024,16,16,64,1,4096,1,512,,512,float16,cuda,attn.k_proj,5,0.5387851968407631,0.42329891584813595,0.5829990841448307,0.058609865188283816,2.6939259842038155,9.08808320247292
attention_microbench,self,t5_large,1024,16,16,64,1,4096,1,512,,512,float16,cuda,attn.matmul_qk,5,1.1198460590094328,1.1025802232325077,1.138834049925208,0.011664723889161541,5.599230295047164,18.889260911240278
attention_microbench,self,t5_large,1024,16,16,64,1,4096,1,512,,512,float16,cuda,attn.out_projection,5,0.5695477593690157,0.5516419187188148,0.5847590509802103,0.01283427965269744,2.8477387968450785,9.606977799832585
attention_microbench,self,t5_large,1024,16,16,64,1,4096,1,512,,512,float16,cuda,attn.q_proj,5,0.5672439467161894,0.5583618767559528,0.5771438591182232,0.007141651017057787,2.836219733580947,9.568117710144591
attention_microbench,self,t5_large,1024,16,16,64,1,4096,1,512,,512,float16,cuda,attn.softmax,5,0.7574390154331923,0.7118550129234791,0.7774829864501953,0.023729825716551398,3.7871950771659613,12.77627676747488
attention_microbench,self,t5_large,1024,16,16,64,1,4096,1,512,,512,float16,cuda,attn.v_proj,5,0.529518723487854,0.3995881415903568,0.5871278699487448,0.06642491322454637,2.64759361743927,8.931778832348169
attention_microbench,self,t5_large,1024,16,16,64,1,4096,1,512,,512,float16,cuda,attn.weighted_sum,5,0.5961313378065825,0.5586489569395781,0.6695529446005821,0.038412224696687584,2.9806566890329123,10.05538242207664
