architecture,model_family,shape_name,d_model,num_heads,num_kv_heads,head_dim,num_layers,d_ff,batch_size,seq_len,encoder_seq_len,decoder_seq_len,dtype,device,operation_key,count,avg_ms,min_ms,max_ms,std_ms,total_ms,pct_total
attention_microbench,self,bert_base,768,12,12,64,1,3072,1,512,,512,float16,cuda,attn.apply_causal_mask,5,0.8430504705756903,0.8333302102982998,0.8487200830131769,0.005424183369699592,4.215252352878451,25.251827912988816
attention_microbench,self,bert_base,768,12,12,64,1,3072,1,512,,512,float16,cuda,attn.k_proj,5,0.25808741338551044,0.24992809630930424,0.263686990365386,0.005106277295451529,1.2904370669275522,7.730473057999669
attention_microbench,self,bert_base,768,12,12,64,1,3072,1,512,,512,float16,cuda,attn.matmul_qk,5,0.7177436258643866,0.7119330111891031,0.7239640690386295,0.0044423587870299815,3.588718129321933,21.49852133241279
attention_microbench,self,bert_base,768,12,12,64,1,3072,1,512,,512,float16,cuda,attn.out_projection,5,0.2696257084608078,0.26675895787775517,0.27386192232370377,0.0026558597504807353,1.348128542304039,8.07607875044621
attention_microbench,self,bert_base,768,12,12,64,1,3072,1,512,,512,float16,cuda,attn.q_proj,5,0.2517842222005129,0.24512899108231068,0.26243901811540127,0.006124521803300981,1.2589211110025644,7.541674042209384
attention_microbench,self,bert_base,768,12,12,64,1,3072,1,512,,512,float16,cuda,attn.softmax,5,0.4388772416859865,0.4333031829446554,0.44366996735334396,0.004243718550749425,2.1943862084299326,13.14565731090086
attention_microbench,self,bert_base,768,12,12,64,1,3072,1,512,,512,float16,cuda,attn.v_proj,5,0.2540882211178541,0.24919211864471436,0.2593998797237873,0.004019784435620492,1.2704411055892706,7.610685550064524
attention_microbench,self,bert_base,768,12,12,64,1,3072,1,512,,512,float16,cuda,attn.weighted_sum,5,0.3053151536732912,0.3009629435837269,0.30944286845624447,0.002957778322441792,1.526575768366456,9.145082042977748
