architecture,model_family,shape_name,d_model,num_heads,num_kv_heads,head_dim,num_layers,d_ff,batch_size,seq_len,encoder_seq_len,decoder_seq_len,dtype,device,operation_key,count,avg_ms,min_ms,max_ms,std_ms,total_ms,pct_total
attention_microbench,self,t5_base,768,12,12,64,1,3072,1,256,,256,float16,cuda,attn.apply_causal_mask,5,0.340333953499794,0.3361678682267666,0.348198926076293,0.004352720672514307,1.70166976749897,19.959701623787513
attention_microbench,self,t5_base,768,12,12,64,1,3072,1,256,,256,float16,cuda,attn.k_proj,5,0.1899699680507183,0.1856179442256689,0.1946419943124056,0.0038881780702244074,0.9498498402535915,11.14124477085146
attention_microbench,self,t5_base,768,12,12,64,1,3072,1,256,,256,float16,cuda,attn.matmul_qk,5,0.26970221661031246,0.2567819319665432,0.29501901008188725,0.013143946809741347,1.3485110830515623,15.817333872975455
attention_microbench,self,t5_base,768,12,12,64,1,3072,1,256,,256,float16,cuda,attn.out_projection,5,0.18554176203906536,0.17883488908410072,0.18968293443322182,0.003910262224543284,0.9277088101953268,10.881542000051342
attention_microbench,self,t5_base,768,12,12,64,1,3072,1,256,,256,float16,cuda,attn.q_proj,5,0.19224858842790127,0.18549105152487755,0.1989300362765789,0.0059019264057230125,0.9612429421395063,11.274879932359028
attention_microbench,self,t5_base,768,12,12,64,1,3072,1,256,,256,float16,cuda,attn.softmax,5,0.16773180104792118,0.16482011415064335,0.17170002683997154,0.002361983046037923,0.8386590052396059,9.83703408757605
attention_microbench,self,t5_base,768,12,12,64,1,3072,1,256,,256,float16,cuda,attn.v_proj,5,0.19121207296848297,0.1860030461102724,0.19649812020361423,0.0040599812509139735,0.9560603648424149,11.21409099524099
attention_microbench,self,t5_base,768,12,12,64,1,3072,1,256,,256,float16,cuda,attn.weighted_sum,5,0.16836505383253098,0.16226014122366905,0.17528305761516094,0.0053699299305084505,0.8418252691626549,9.874172717158162
