architecture,model_family,shape_name,d_model,num_heads,num_kv_heads,head_dim,num_layers,d_ff,batch_size,seq_len,encoder_seq_len,decoder_seq_len,dtype,device,operation_key,count,avg_ms,min_ms,max_ms,std_ms,total_ms,pct_total
attention_microbench,self,gpt2_medium,1024,16,16,64,1,4096,1,8192,,8192,float16,cuda,attn.apply_causal_mask,5,99.92421241477132,95.692666945979,116.27289792522788,8.174999019287442,499.6210620738566,38.16781867816507
attention_microbench,self,gpt2_medium,1024,16,16,64,1,4096,1,8192,,8192,float16,cuda,attn.k_proj,5,1.2598503846675158,1.1143709998577833,1.3565588742494583,0.07913855950821347,6.299251923337579,0.4812221170581673
attention_microbench,self,gpt2_medium,1024,16,16,64,1,4096,1,8192,,8192,float16,cuda,attn.matmul_qk,5,55.28676123358309,52.794267889112234,64.92458912543952,4.820116394088569,276.43380616791546,21.117755417549514
attention_microbench,self,gpt2_medium,1024,16,16,64,1,4096,1,8192,,8192,float16,cuda,attn.out_projection,5,1.290721818804741,1.2752220500260592,1.298228045925498,0.008445187295236767,6.4536090940237045,0.4930140068515398
attention_microbench,self,gpt2_medium,1024,16,16,64,1,4096,1,8192,,8192,float16,cuda,attn.q_proj,5,1.254839776083827,1.1220499873161316,1.2931728269904852,0.06659107282015714,6.274198880419135,0.4793082265678859
attention_microbench,self,gpt2_medium,1024,16,16,64,1,4096,1,8192,,8192,float16,cuda,attn.softmax,5,81.8422069773078,81.43054507672787,82.74195599369705,0.4603022526070698,409.211034886539,31.261077176816187
attention_microbench,self,gpt2_medium,1024,16,16,64,1,4096,1,8192,,8192,float16,cuda,attn.v_proj,5,1.2267267797142267,1.0820541065186262,1.2713498435914516,0.07261319312051392,6.133633898571134,0.46856997082381363
attention_microbench,self,gpt2_medium,1024,16,16,64,1,4096,1,8192,,8192,float16,cuda,attn.weighted_sum,5,19.71694198437035,19.448529928922653,19.85764503479004,0.14230728199884132,98.58470992185175,7.531234406167823
