architecture,model_family,shape_name,d_model,num_heads,num_kv_heads,head_dim,num_layers,d_ff,batch_size,seq_len,encoder_seq_len,decoder_seq_len,phase,phase_tokens,timed_repeats,dtype,device,operation_key,count,avg_ms,min_ms,max_ms,std_ms,total_ms,avg_total_ms_per_repeat,avg_total_ms_per_token,pct_total
attention_microbench,cross,bert_base,768,12,12,64,1,3072,1,8192,8192,8192,attention_microbench,8192,5,float16,cuda,cross_attn.k_proj,5,0.8769661653786898,0.7299298886209726,0.9461899753659964,0.07560454164531083,4.384830826893449,0.8769661653786898,0.00010705153385970334,0.799166086130578
attention_microbench,cross,bert_base,768,12,12,64,1,3072,1,8192,8192,8192,attention_microbench,8192,5,float16,cuda,cross_attn.matmul_qk,5,39.8612339515239,39.50024303048849,40.19042896106839,0.23464317128895978,199.3061697576195,39.8612339515239,0.004865873285098132,36.32494340487901
attention_microbench,cross,bert_base,768,12,12,64,1,3072,1,8192,8192,8192,attention_microbench,8192,5,float16,cuda,cross_attn.out_projection,5,0.8954942226409912,0.7656430825591087,0.9427971672266722,0.06549295747734983,4.477471113204956,0.8954942226409912,0.00010931325959973037,0.8160504262459379
attention_microbench,cross,bert_base,768,12,12,64,1,3072,1,8192,8192,8192,attention_microbench,8192,5,float16,cuda,cross_attn.q_proj,5,0.8605817332863808,0.7104098331183195,0.906732864677906,0.0752577312759458,4.302908666431904,0.8605817332863808,0.00010505148111406015,0.7842351994149787
attention_microbench,cross,bert_base,768,12,12,64,1,3072,1,8192,8192,8192,attention_microbench,8192,5,float16,cuda,cross_attn.softmax,5,51.583787985146046,51.0437679477036,52.05635819584131,0.325191557763916,257.91893992573023,51.583787985146046,0.006296849119280523,47.00753071137862
attention_microbench,cross,bert_base,768,12,12,64,1,3072,1,8192,8192,8192,attention_microbench,8192,5,float16,cuda,cross_attn.v_proj,5,0.8684349711984396,0.739722978323698,0.909644877538085,0.06469163579922127,4.342174855992198,0.8684349711984396,0.00010601012832012202,0.791391737093855
attention_microbench,cross,bert_base,768,12,12,64,1,3072,1,8192,8192,8192,attention_microbench,8192,5,float16,cuda,cross_attn.weighted_sum,5,14.788658730685711,14.478989876806736,15.08680684491992,0.19248564444350888,73.94329365342855,14.788658730685711,0.001805256192710658,13.476682434857016
