architecture,model_family,shape_name,d_model,num_heads,num_kv_heads,head_dim,num_layers,d_ff,batch_size,seq_len,encoder_seq_len,decoder_seq_len,dtype,device,operation_key,count,avg_ms,min_ms,max_ms,std_ms,total_ms,pct_total
attention_microbench,cross,bart_large,1024,16,16,64,1,4096,1,4096,4096,4096,float16,cuda,cross_attn.k_proj,5,0.6941881962120533,0.6822908762842417,0.7128820288926363,0.010862867622878395,3.4709409810602665,1.2709369775630204
attention_microbench,cross,bart_large,1024,16,16,64,1,4096,1,4096,4096,4096,float16,cuda,cross_attn.matmul_qk,5,16.93077920936048,16.892662970349193,16.97281817905605,0.027269471612339644,84.6538960468024,30.997290754218405
attention_microbench,cross,bart_large,1024,16,16,64,1,4096,1,4096,4096,4096,float16,cuda,cross_attn.out_projection,5,0.701835984364152,0.692947069182992,0.7084340322762728,0.00589919608757631,3.5091799218207598,1.2849387379100103
attention_microbench,cross,bart_large,1024,16,16,64,1,4096,1,4096,4096,4096,float16,cuda,cross_attn.q_proj,5,0.6860737688839436,0.6796361412853003,0.7002418860793114,0.007470275862882366,3.430368844419718,1.2560808826318235
attention_microbench,cross,bart_large,1024,16,16,64,1,4096,1,4096,4096,4096,float16,cuda,cross_attn.softmax,5,29.91158119402826,29.855437809601426,29.98003805987537,0.04516348825493661,149.5579059701413,54.762865177350996
attention_microbench,cross,bart_large,1024,16,16,64,1,4096,1,4096,4096,4096,float16,cuda,cross_attn.v_proj,5,0.7059697527438402,0.6724679842591286,0.7510229479521513,0.03465024760410927,3.529848763719201,1.2925069436488785
attention_microbench,cross,bart_large,1024,16,16,64,1,4096,1,4096,4096,4096,float16,cuda,cross_attn.weighted_sum,5,4.989762231707573,4.951839102432132,5.0290171056985855,0.02914977853800274,24.948811158537865,9.13538052667687
