architecture,model_family,shape_name,d_model,num_heads,num_kv_heads,head_dim,num_layers,d_ff,batch_size,seq_len,encoder_seq_len,decoder_seq_len,dtype,device,operation_key,count,avg_ms,min_ms,max_ms,std_ms,total_ms,pct_total
attention_microbench,cross,llama_7b,4096,32,32,128,1,11008,1,256,256,256,float16,cuda,cross_attn.k_proj,5,1.3379193376749754,1.3233860954642296,1.3580068480223417,0.014789565393164058,6.689596688374877,20.667659157835086
attention_microbench,cross,llama_7b,4096,32,32,128,1,11008,1,256,256,256,float16,cuda,cross_attn.matmul_qk,5,0.5165745969861746,0.5001530516892672,0.54213497787714,0.015173392899886173,2.582872984930873,7.979844075398158
attention_microbench,cross,llama_7b,4096,32,32,128,1,11008,1,256,256,256,float16,cuda,cross_attn.out_projection,5,1.3673958368599415,1.3551919255405664,1.380598172545433,0.00986942607205905,6.836979184299707,21.12300068790054
attention_microbench,cross,llama_7b,4096,32,32,128,1,11008,1,256,256,256,float16,cuda,cross_attn.q_proj,5,1.3363962061703205,1.3274499215185642,1.347383949905634,0.008256227775629881,6.6819810308516026,20.644130412936704
attention_microbench,cross,llama_7b,4096,32,32,128,1,11008,1,256,256,256,float16,cuda,cross_attn.softmax,5,0.2719665877521038,0.2614199183881283,0.28861803002655506,0.009134188073510548,1.359832938760519,4.201234394106225
attention_microbench,cross,llama_7b,4096,32,32,128,1,11008,1,256,256,256,float16,cuda,cross_attn.v_proj,5,1.3381242286413908,1.326938159763813,1.3495280873030424,0.007832103373011325,6.690621143206954,20.67082423403897
attention_microbench,cross,llama_7b,4096,32,32,128,1,11008,1,256,256,256,float16,cuda,cross_attn.weighted_sum,5,0.3051155712455511,0.29572099447250366,0.31312787905335426,0.006863582213917092,1.5255778562277555,4.71330703778432
