architecture,model_family,shape_name,d_model,num_heads,num_kv_heads,head_dim,num_layers,d_ff,batch_size,seq_len,encoder_seq_len,decoder_seq_len,dtype,device,operation_key,count,avg_ms,min_ms,max_ms,std_ms,total_ms,pct_total
attention_microbench,cross,gpt2_medium,1024,16,16,64,1,4096,1,1024,1024,1024,float16,cuda,cross_attn.k_proj,5,0.605708546936512,0.5936447996646166,0.6157879251986742,0.00858563178057874,3.02854273468256,7.614942869393847
attention_microbench,cross,gpt2_medium,1024,16,16,64,1,4096,1,1024,1024,1024,float16,cuda,cross_attn.matmul_qk,5,3.1470540445297956,3.1323099974542856,3.169011091813445,0.013199844199139738,15.735270222648978,39.564633646322164
attention_microbench,cross,gpt2_medium,1024,16,16,64,1,4096,1,1024,1024,1024,float16,cuda,cross_attn.out_projection,5,0.6157619412988424,0.6071159150451422,0.623050844296813,0.006882203996868203,3.078809706494212,7.7413337286607815
attention_microbench,cross,gpt2_medium,1024,16,16,64,1,4096,1,1024,1024,1024,float16,cuda,cross_attn.q_proj,5,0.608882587403059,0.5893579218536615,0.6499290466308594,0.023199815909132202,3.044412937015295,7.654846775224703
attention_microbench,cross,gpt2_medium,1024,16,16,64,1,4096,1,1024,1024,1024,float16,cuda,cross_attn.softmax,5,1.4287423808127642,1.4194310642778873,1.4376058243215084,0.0059937284395373686,7.143711904063821,17.962090282525473
attention_microbench,cross,gpt2_medium,1024,16,16,64,1,4096,1,1024,1024,1024,float16,cuda,cross_attn.v_proj,5,0.6120501086115837,0.5883018020540476,0.6282979156821966,0.01466961798683993,3.0602505430579185,7.694668721212593
attention_microbench,cross,gpt2_medium,1024,16,16,64,1,4096,1,1024,1024,1024,float16,cuda,cross_attn.weighted_sum,5,0.9360103867948055,0.9176179300993681,0.9727180004119873,0.018991835363765436,4.680051933974028,11.767483976660436
