architecture,model_family,shape_name,d_model,num_heads,num_kv_heads,head_dim,num_layers,d_ff,batch_size,seq_len,encoder_seq_len,decoder_seq_len,phase,phase_tokens,timed_repeats,dtype,device,operation_key,count,avg_ms,min_ms,max_ms,std_ms,total_ms,avg_total_ms_per_repeat,avg_total_ms_per_token,pct_total
attention_microbench,cross,bert_large,1024,16,16,64,1,4096,1,8192,8192,8192,attention_microbench,8192,5,float16,cuda,cross_attn.k_proj,5,1.2484134174883366,1.1073430068790913,1.291664782911539,0.07087935141365308,6.242067087441683,1.2484134174883366,0.0001523942160019942,0.8623565272256174
attention_microbench,cross,bert_large,1024,16,16,64,1,4096,1,8192,8192,8192,attention_microbench,8192,5,float16,cuda,cross_attn.matmul_qk,5,52.56022056564689,52.39102803170681,52.63781500980258,0.08654476917714499,262.80110282823443,52.56022056564689,0.006416042549517442,36.30660215779616
attention_microbench,cross,bert_large,1024,16,16,64,1,4096,1,8192,8192,8192,attention_microbench,8192,5,float16,cuda,cross_attn.out_projection,5,1.2028574012219906,1.0946381371468306,1.2776169460266829,0.0874348339568142,6.014287006109953,1.2028574012219906,0.00014683317886010627,0.8308881631153391
attention_microbench,cross,bert_large,1024,16,16,64,1,4096,1,8192,8192,8192,attention_microbench,8192,5,float16,cuda,cross_attn.q_proj,5,1.2256547808647156,1.0789900552481413,1.2661931104958057,0.07343912098447669,6.128273904323578,1.2256547808647156,0.00014961606211727485,0.84663572627282
attention_microbench,cross,bert_large,1024,16,16,64,1,4096,1,8192,8192,8192,attention_microbench,8192,5,float16,cuda,cross_attn.softmax,5,68.16655145958066,68.0697311181575,68.40135110542178,0.12228941750650385,340.8327572979033,68.16655145958066,0.008321112238718342,47.08686222541301
attention_microbench,cross,bert_large,1024,16,16,64,1,4096,1,8192,8192,8192,attention_microbench,8192,5,float16,cuda,cross_attn.v_proj,5,1.2248870451003313,1.0863190982490778,1.2907369527965784,0.07115340545363283,6.1244352255016565,1.2248870451003313,0.00014952234437259904,0.8461054035941891
attention_microbench,cross,bert_large,1024,16,16,64,1,4096,1,8192,8192,8192,attention_microbench,8192,5,float16,cuda,cross_attn.weighted_sum,5,19.139081379398704,18.933434039354324,19.493056926876307,0.19765065111378546,95.69540689699352,19.139081379398704,0.002336313644946131,13.220549796582862
