architecture,model_family,shape_name,d_model,num_heads,num_kv_heads,head_dim,num_layers,d_ff,batch_size,seq_len,encoder_seq_len,decoder_seq_len,dtype,device,operation_key,count,avg_ms,min_ms,max_ms,std_ms,total_ms,pct_total
attention_microbench,cross,gpt3_2p7b,2560,32,32,80,1,10240,1,8192,8192,8192,float16,cuda,cross_attn.k_proj,5,5.471789930015802,5.391994025558233,5.602921824902296,0.09283589725622018,27.358949650079012,1.7909641672558223
attention_microbench,cross,gpt3_2p7b,2560,32,32,80,1,10240,1,8192,8192,8192,float16,cuda,cross_attn.matmul_qk,5,112.97863740473986,112.84671700559556,113.12025203369558,0.09390583388965179,564.8931870236993,36.97888512629597
attention_microbench,cross,gpt3_2p7b,2560,32,32,80,1,10240,1,8192,8192,8192,float16,cuda,cross_attn.out_projection,5,5.472366511821747,5.4169208742678165,5.608682055026293,0.0702103679516354,27.361832559108734,1.7911528874675164
attention_microbench,cross,gpt3_2p7b,2560,32,32,80,1,10240,1,8192,8192,8192,float16,cuda,cross_attn.q_proj,5,5.483642220497131,5.378875881433487,5.61780110001564,0.09952912407627676,27.418211102485657,1.7948435244357326
attention_microbench,cross,gpt3_2p7b,2560,32,32,80,1,10240,1,8192,8192,8192,float16,cuda,cross_attn.softmax,5,135.91479477472603,135.84804511629045,136.00348797626793,0.05975350780711829,679.5739738736302,44.486087798469306
attention_microbench,cross,gpt3_2p7b,2560,32,32,80,1,10240,1,8192,8192,8192,float16,cuda,cross_attn.v_proj,5,5.475943628698587,5.385851953178644,5.593962036073208,0.08219768463200593,27.379718143492937,1.7923237087582542
attention_microbench,cross,gpt3_2p7b,2560,32,32,80,1,10240,1,8192,8192,8192,float16,cuda,cross_attn.weighted_sum,5,34.72484713420272,34.199183806777,35.59683891944587,0.5121598073783715,173.6242356710136,11.365742787317402
