architecture,model_family,shape_name,d_model,num_heads,num_kv_heads,head_dim,num_layers,d_ff,batch_size,seq_len,encoder_seq_len,decoder_seq_len,dtype,device,operation_key,count,avg_ms,min_ms,max_ms,std_ms,total_ms,pct_total
attention_microbench,cross,llama_7b,4096,32,32,128,1,11008,1,4096,4096,4096,float16,cuda,cross_attn.k_proj,5,6.657430529594421,6.603412097319961,6.8103407975286245,0.07760576859025364,33.28715264797211,5.448522309312961
attention_microbench,cross,llama_7b,4096,32,32,128,1,11008,1,4096,4096,4096,float16,cuda,cross_attn.matmul_qk,5,32.19137624837458,31.72154421918094,33.48614601418376,0.6521938813362398,160.9568812418729,26.345814782004425
attention_microbench,cross,llama_7b,4096,32,32,128,1,11008,1,4096,4096,4096,float16,cuda,cross_attn.out_projection,5,6.7452577874064445,6.598579930141568,6.867585005238652,0.11343197250231007,33.72628893703222,5.520401207850073
attention_microbench,cross,llama_7b,4096,32,32,128,1,11008,1,4096,4096,4096,float16,cuda,cross_attn.q_proj,5,6.704025622457266,6.609332049265504,6.873344071209431,0.10565672201071595,33.52012811228633,5.486656301374787
attention_microbench,cross,llama_7b,4096,32,32,128,1,11008,1,4096,4096,4096,float16,cuda,cross_attn.softmax,5,54.548207484185696,54.36251498758793,54.63986610993743,0.09617685240913798,272.7410374209285,44.64291802812461
attention_microbench,cross,llama_7b,4096,32,32,128,1,11008,1,4096,4096,4096,float16,cuda,cross_attn.v_proj,5,6.643633637577295,6.588342133909464,6.799397990107536,0.0783478509114535,33.21816818788648,5.437230764681691
attention_microbench,cross,llama_7b,4096,32,32,128,1,11008,1,4096,4096,4096,float16,cuda,cross_attn.weighted_sum,5,8.697886811569333,8.578784996643662,8.775986032560468,0.09305739680261607,43.489434057846665,7.118456606651453
