architecture,model_family,shape_name,d_model,num_heads,num_kv_heads,head_dim,num_layers,d_ff,batch_size,seq_len,encoder_seq_len,decoder_seq_len,phase,phase_tokens,timed_repeats,dtype,device,operation_key,count,avg_ms,min_ms,max_ms,std_ms,total_ms,avg_total_ms_per_repeat,avg_total_ms_per_token,pct_total
attention_microbench,cross,bert_base,768,12,12,64,1,3072,1,512,512,512,attention_microbench,512,5,float16,cuda,cross_attn.k_proj,5,0.2617960795760155,0.25459611788392067,0.26829191483557224,0.00558636117165153,1.3089803978800774,0.2617960795760155,0.0005113204679219052,10.954892626121568
attention_microbench,cross,bert_base,768,12,12,64,1,3072,1,512,512,512,attention_microbench,512,5,float16,cuda,cross_attn.matmul_qk,5,0.7206507958471775,0.7076261099427938,0.7366188801825047,0.010910050064883367,3.6032539792358875,0.7206507958471775,0.0014075210856390186,30.15573075891911
attention_microbench,cross,bert_base,768,12,12,64,1,3072,1,512,512,512,attention_microbench,512,5,float16,cuda,cross_attn.out_projection,5,0.26987288147211075,0.26394007727503777,0.2734120935201645,0.0032156342723973093,1.3493644073605537,0.26987288147211075,0.0005270954716252163,11.292867502129928
attention_microbench,cross,bert_base,768,12,12,64,1,3072,1,512,512,512,attention_microbench,512,5,float16,cuda,cross_attn.q_proj,5,0.24868878535926342,0.24198787286877632,0.25715609081089497,0.005706374576267486,1.243443926796317,0.24868878535926342,0.00048572028390481137,10.406416113424935
attention_microbench,cross,bert_base,768,12,12,64,1,3072,1,512,512,512,attention_microbench,512,5,float16,cuda,cross_attn.softmax,5,0.33567226491868496,0.33190916292369366,0.3430128563195467,0.004108266305508221,1.6783613245934248,0.33567226491868496,0.0006556098924193066,14.046251669263423
attention_microbench,cross,bert_base,768,12,12,64,1,3072,1,512,512,512,attention_microbench,512,5,float16,cuda,cross_attn.v_proj,5,0.2472358290106058,0.24137902073562145,0.2559400163590908,0.005106956891718321,1.236179145053029,0.2472358290106058,0.0004828824785363395,10.345616957013718
attention_microbench,cross,bert_base,768,12,12,64,1,3072,1,512,512,512,attention_microbench,512,5,float16,cuda,cross_attn.weighted_sum,5,0.3058473579585552,0.29459595680236816,0.33805309794843197,0.01625886563287427,1.529236789792776,0.3058473579585552,0.0005973581210128032,12.798224373127319
