architecture,model_family,shape_name,d_model,num_heads,num_kv_heads,head_dim,num_layers,d_ff,batch_size,seq_len,encoder_seq_len,decoder_seq_len,dtype,device,operation_key,count,avg_ms,min_ms,max_ms,std_ms,total_ms,pct_total
attention_microbench,cross,gpt2_medium,1024,16,16,64,1,4096,1,128,128,128,float16,cuda,cross_attn.k_proj,5,0.21023442968726158,0.19918312318623066,0.22951606661081314,0.010502137954672081,1.051172148436308,14.845259115247218
attention_microbench,cross,gpt2_medium,1024,16,16,64,1,4096,1,128,128,128,float16,cuda,cross_attn.matmul_qk,5,0.27839522808790207,0.2682008780539036,0.28733513318002224,0.008289716919801397,1.3919761404395103,19.658289574933843
attention_microbench,cross,gpt2_medium,1024,16,16,64,1,4096,1,128,128,128,float16,cuda,cross_attn.out_projection,5,0.20914659835398197,0.20279898308217525,0.21822098642587662,0.005061147542841982,1.0457329917699099,14.768444208953117
attention_microbench,cross,gpt2_medium,1024,16,16,64,1,4096,1,128,128,128,float16,cuda,cross_attn.q_proj,5,0.20874361507594585,0.20427117124199867,0.21889293566346169,0.0052653460013001386,1.0437180753797293,14.739988398025968
attention_microbench,cross,gpt2_medium,1024,16,16,64,1,4096,1,128,128,128,float16,cuda,cross_attn.softmax,5,0.11537563987076283,0.10827812366187572,0.1288210041821003,0.007537752741155995,0.5768781993538141,8.147006520372539
attention_microbench,cross,gpt2_medium,1024,16,16,64,1,4096,1,128,128,128,float16,cuda,cross_attn.v_proj,5,0.21173860877752304,0.20574289374053478,0.21866895258426666,0.00533755749392274,1.0586930438876152,14.951473536852117
attention_microbench,cross,gpt2_medium,1024,16,16,64,1,4096,1,128,128,128,float16,cuda,cross_attn.weighted_sum,5,0.18253806047141552,0.17790519632399082,0.1876959577202797,0.0034759331410822544,0.9126903023570776,12.889538645615197
