architecture,model_family,shape_name,d_model,num_heads,num_kv_heads,head_dim,num_layers,d_ff,batch_size,seq_len,encoder_seq_len,decoder_seq_len,phase,phase_tokens,timed_repeats,dtype,device,operation_key,count,avg_ms,min_ms,max_ms,std_ms,total_ms,avg_total_ms_per_repeat,avg_total_ms_per_token,pct_total
attention_microbench,cross,t5_base,768,12,12,64,1,3072,1,256,256,256,attention_microbench,256,5,float16,cuda,cross_attn.k_proj,5,0.19045919179916382,0.18480210565030575,0.19881781190633774,0.005551466296548713,0.9522959589958191,0.19045919179916382,0.0007439812179654837,14.440983854519079
attention_microbench,cross,t5_base,768,12,12,64,1,3072,1,256,256,256,attention_microbench,256,5,float16,cuda,cross_attn.matmul_qk,5,0.26278039440512657,0.2525791060179472,0.2705629449337721,0.006019928151506507,1.3139019720256329,0.26278039440512657,0.0010264859156450257,19.92451714743257
attention_microbench,cross,t5_base,768,12,12,64,1,3072,1,256,256,256,attention_microbench,256,5,float16,cuda,cross_attn.out_projection,5,0.18022563308477402,0.17744209617376328,0.1840658951550722,0.002188600884104661,0.9011281654238701,0.18022563308477402,0.0007040063792373985,13.665055663431243
attention_microbench,cross,t5_base,768,12,12,64,1,3072,1,256,256,256,attention_microbench,256,5,float16,cuda,cross_attn.q_proj,5,0.18959534354507923,0.18595298752188683,0.19641779363155365,0.0037739007568899433,0.9479767177253962,0.18959534354507923,0.0007406068107229657,14.375485211097633
attention_microbench,cross,t5_base,768,12,12,64,1,3072,1,256,256,256,attention_microbench,256,5,float16,cuda,cross_attn.softmax,5,0.14023804105818272,0.13158516958355904,0.15209708362817764,0.007196901205041513,0.7011902052909136,0.14023804105818272,0.0005478048478835262,10.633119187264615
attention_microbench,cross,t5_base,768,12,12,64,1,3072,1,256,256,256,attention_microbench,256,5,float16,cuda,cross_attn.v_proj,5,0.1900692004710436,0.18512201495468616,0.19664177671074867,0.005213739913644186,0.9503460023552179,0.1900692004710436,0.000742457814340014,14.41141395862912
attention_microbench,cross,t5_base,768,12,12,64,1,3072,1,256,256,256,attention_microbench,256,5,float16,cuda,cross_attn.weighted_sum,5,0.16551180742681026,0.15942496247589588,0.17171306535601616,0.004946653267644142,0.8275590371340513,0.16551180742681026,0.0006465304977609776,12.54942497762574
