architecture,model_family,shape_name,d_model,num_heads,num_kv_heads,head_dim,num_layers,d_ff,batch_size,seq_len,encoder_seq_len,decoder_seq_len,phase,phase_tokens,timed_repeats,dtype,device,operation_key,count,avg_ms,min_ms,max_ms,std_ms,total_ms,avg_total_ms_per_repeat,avg_total_ms_per_token,pct_total
attention_microbench,cross,t5_base,768,12,12,64,1,3072,1,2048,2048,2048,attention_microbench,2048,5,float16,cuda,cross_attn.k_proj,5,0.45471801422536373,0.36662700586020947,0.5279730539768934,0.06855756707989051,2.2735900711268187,0.45471801422536373,0.00022203028038347838,2.2682651400614255
attention_microbench,cross,t5_base,768,12,12,64,1,3072,1,2048,2048,2048,attention_microbench,2048,5,float16,cuda,cross_attn.matmul_qk,5,5.644648056477308,3.9195572026073933,6.72835111618042,1.3140731516470674,28.22324028238654,5.644648056477308,0.0027561758088268107,28.15713918049738
attention_microbench,cross,t5_base,768,12,12,64,1,3072,1,2048,2048,2048,attention_microbench,2048,5,float16,cuda,cross_attn.out_projection,5,0.42033037170767784,0.34899497404694557,0.5225329659879208,0.07856615518797268,2.101651858538389,0.42033037170767784,0.00020523943931038957,2.0967296206150747
attention_microbench,cross,t5_base,768,12,12,64,1,3072,1,2048,2048,2048,attention_microbench,2048,5,float16,cuda,cross_attn.q_proj,5,0.44539286755025387,0.3657001070678234,0.49888412468135357,0.05806667938835024,2.2269643377512693,0.44539286755025387,0.0002174769861085224,2.221748607908758
attention_microbench,cross,t5_base,768,12,12,64,1,3072,1,2048,2048,2048,attention_microbench,2048,5,float16,cuda,cross_attn.softmax,5,11.192852817475796,8.063563145697117,14.723049011081457,2.9937784011096285,55.96426408737898,11.192852817475796,0.005465260164783103,55.83319127342926
attention_microbench,cross,t5_base,768,12,12,64,1,3072,1,2048,2048,2048,attention_microbench,2048,5,float16,cuda,cross_attn.v_proj,5,0.4702378064393997,0.41961995884776115,0.5129650235176086,0.03889761136895126,2.3511890321969986,0.4702378064393997,0.00022960830392548814,2.3456823581148267
attention_microbench,cross,t5_base,768,12,12,64,1,3072,1,2048,2048,2048,attention_microbench,2048,5,float16,cuda,cross_attn.weighted_sum,5,1.4187716413289309,1.13668292760849,1.6313111409544945,0.18708795514679605,7.093858206644654,1.4187716413289309,0.000692759590492642,7.077243819373279
