architecture,model_family,shape_name,d_model,num_heads,num_kv_heads,head_dim,num_layers,d_ff,batch_size,seq_len,encoder_seq_len,decoder_seq_len,phase,phase_tokens,timed_repeats,dtype,device,operation_key,count,avg_ms,min_ms,max_ms,std_ms,total_ms,avg_total_ms_per_repeat,avg_total_ms_per_token,pct_total
attention_microbench,cross,llama_7b,4096,32,32,128,1,11008,1,512,512,512,attention_microbench,512,5,float16,cuda,cross_attn.k_proj,5,2.550740586593747,2.5043778587132692,2.5977559853345156,0.03676408470413861,12.753702932968736,2.550740586593747,0.004981915208190912,19.386488056573157
attention_microbench,cross,llama_7b,4096,32,32,128,1,11008,1,512,512,512,attention_microbench,512,5,float16,cuda,cross_attn.matmul_qk,5,1.50453457608819,1.443695044144988,1.553199952468276,0.0481148540368326,7.52267288044095,1.50453457608819,0.0029385440939222462,11.43496980576353
attention_microbench,cross,llama_7b,4096,32,32,128,1,11008,1,512,512,512,attention_microbench,512,5,float16,cuda,cross_attn.out_projection,5,2.576853008940816,2.5157700292766094,2.642556093633175,0.046703805559478784,12.88426504470408,2.576853008940816,0.005032916033087531,19.584951266285774
attention_microbench,cross,llama_7b,4096,32,32,128,1,11008,1,512,512,512,attention_microbench,512,5,float16,cuda,cross_attn.q_proj,5,2.5514638517051935,2.498106099665165,2.6311001274734735,0.052077807133390275,12.757319258525968,2.5514638517051935,0.004983327835361706,19.391985115160175
attention_microbench,cross,llama_7b,4096,32,32,128,1,11008,1,512,512,512,attention_microbench,512,5,float16,cuda,cross_attn.softmax,5,0.7464205846190453,0.7252241484820843,0.7719118148088455,0.0186210439368539,3.7321029230952263,0.7464205846190453,0.0014578527043340728,5.673047986514892
attention_microbench,cross,llama_7b,4096,32,32,128,1,11008,1,512,512,512,attention_microbench,512,5,float16,cuda,cross_attn.v_proj,5,2.550286380574107,2.489561913534999,2.6100119575858116,0.04760602202309019,12.751431902870536,2.550286380574107,0.004981028087058803,19.383035937756663
attention_microbench,cross,llama_7b,4096,32,32,128,1,11008,1,512,512,512,attention_microbench,512,5,float16,cuda,cross_attn.weighted_sum,5,0.6770123261958361,0.6232711020857096,0.7179921958595514,0.03748244349184877,3.3850616309791803,0.6770123261958361,0.0013222896996012423,5.145521831945809
