architecture,model_family,shape_name,d_model,num_heads,num_kv_heads,head_dim,num_layers,d_ff,batch_size,seq_len,encoder_seq_len,decoder_seq_len,phase,phase_tokens,timed_repeats,dtype,device,operation_key,count,avg_ms,min_ms,max_ms,std_ms,total_ms,avg_total_ms_per_repeat,avg_total_ms_per_token,pct_total
attention_microbench,cross,gpt2_medium,1024,16,16,64,1,4096,1,128,128,128,attention_microbench,128,5,float16,cuda,cross_attn.k_proj,5,0.1976284198462963,0.1956180203706026,0.19990699365735054,0.001791606241893234,0.9881420992314816,0.1976284198462963,0.00154397203004919,14.675496183108441
attention_microbench,cross,gpt2_medium,1024,16,16,64,1,4096,1,128,128,128,attention_microbench,128,5,float16,cuda,cross_attn.matmul_qk,5,0.26191077195107937,0.2543400041759014,0.26918784715235233,0.005982821268824165,1.3095538597553968,0.26191077195107937,0.0020461779058678076,19.44897670624716
attention_microbench,cross,gpt2_medium,1024,16,16,64,1,4096,1,128,128,128,attention_microbench,128,5,float16,cuda,cross_attn.out_projection,5,0.2040410414338112,0.1980189699679613,0.2113629598170519,0.004842386662706039,1.020205207169056,0.2040410414338112,0.00159407063620165,15.151684798614678
attention_microbench,cross,gpt2_medium,1024,16,16,64,1,4096,1,128,128,128,attention_microbench,128,5,float16,cuda,cross_attn.q_proj,5,0.20419470965862274,0.1963539980351925,0.21337810903787613,0.006182319300775901,1.0209735482931137,0.20419470965862274,0.0015952711692079902,15.163095897526672
attention_microbench,cross,gpt2_medium,1024,16,16,64,1,4096,1,128,128,128,attention_microbench,128,5,float16,cuda,cross_attn.softmax,5,0.10316334664821625,0.09760097600519657,0.111329834908247,0.004612699891334051,0.5158167332410812,0.10316334664821625,0.0008059636456891894,7.660706396124957
attention_microbench,cross,gpt2_medium,1024,16,16,64,1,4096,1,128,128,128,attention_microbench,128,5,float16,cuda,cross_attn.v_proj,5,0.20249909721314907,0.196963082998991,0.21059508435428143,0.006039178170003333,1.0124954860657454,0.20249909721314907,0.0015820241969777271,15.03718306580473
attention_microbench,cross,gpt2_medium,1024,16,16,64,1,4096,1,128,128,128,attention_microbench,128,5,float16,cuda,cross_attn.weighted_sum,5,0.1732184085994959,0.16944203525781631,0.1807070802897215,0.0038793765298636017,0.8660920429974794,0.1732184085994959,0.0013532688171835616,12.862856952573363
