architecture,model_family,shape_name,d_model,num_heads,num_kv_heads,head_dim,num_layers,d_ff,batch_size,seq_len,encoder_seq_len,decoder_seq_len,phase,phase_tokens,timed_repeats,dtype,device,operation_key,count,avg_ms,min_ms,max_ms,std_ms,total_ms,avg_total_ms_per_repeat,avg_total_ms_per_token,pct_total
attention_microbench,cross,bert_large,1024,16,16,64,1,4096,1,2048,2048,2048,attention_microbench,2048,5,float16,cuda,cross_attn.k_proj,5,0.49722278490662575,0.4254130180925131,0.7553389295935631,0.12929372190138866,2.4861139245331287,0.49722278490662575,0.00024278456294268835,2.3290925720775126
attention_microbench,cross,bert_large,1024,16,16,64,1,4096,1,2048,2048,2048,attention_microbench,2048,5,float16,cuda,cross_attn.matmul_qk,5,5.548350838944316,5.184774054214358,6.5021689515560865,0.4897712933692468,27.74175419472158,5.548350838944316,0.0027091556830782793,25.989602887349584
attention_microbench,cross,bert_large,1024,16,16,64,1,4096,1,2048,2048,2048,attention_microbench,2048,5,float16,cuda,cross_attn.out_projection,5,0.6414488423615694,0.4628861788660288,0.7569061126559973,0.11579885387915144,3.207244211807847,0.6414488423615694,0.00031320744255936006,3.004676735384542
attention_microbench,cross,bert_large,1024,16,16,64,1,4096,1,2048,2048,2048,attention_microbench,2048,5,float16,cuda,cross_attn.q_proj,5,0.5049475934356451,0.4183100536465645,0.7558818906545639,0.1266399957946599,2.5247379671782255,0.5049475934356451,0.0002465564421072486,2.3652771450934873
attention_microbench,cross,bert_large,1024,16,16,64,1,4096,1,2048,2048,2048,attention_microbench,2048,5,float16,cuda,cross_attn.softmax,5,12.082858569920063,10.650736978277564,14.063999056816101,1.5901572639132597,60.414292849600315,12.082858569920063,0.005899833286093781,56.598565067666364
attention_microbench,cross,bert_large,1024,16,16,64,1,4096,1,2048,2048,2048,attention_microbench,2048,5,float16,cuda,cross_attn.v_proj,5,0.48919040709733963,0.41917385533452034,0.7484899833798409,0.12979560553345257,2.445952035486698,0.48919040709733963,0.00023886250346549787,2.2914672820473267
attention_microbench,cross,bert_large,1024,16,16,64,1,4096,1,2048,2048,2048,attention_microbench,2048,5,float16,cuda,cross_attn.weighted_sum,5,1.5843288507312536,1.4253321569412947,1.721175154671073,0.1057716443793169,7.921644253656268,1.5843288507312536,0.0007735980716461199,7.421318310381181
