architecture,model_family,shape_name,d_model,num_heads,num_kv_heads,head_dim,num_layers,d_ff,batch_size,seq_len,encoder_seq_len,decoder_seq_len,dtype,device,operation_key,count,avg_ms,min_ms,max_ms,std_ms,total_ms,pct_total
attention_microbench,cross,llama_7b,4096,32,32,128,1,11008,1,1024,1024,1024,float16,cuda,cross_attn.k_proj,5,3.2844040542840958,2.0838421769440174,5.192214855924249,1.4598467183713955,16.42202027142048,16.364849951021373
attention_microbench,cross,llama_7b,4096,32,32,128,1,11008,1,1024,1024,1024,float16,cuda,cross_attn.matmul_qk,5,3.6430390551686287,2.629399998113513,5.156761035323143,1.2305916161410118,18.215195275843143,18.151782338041297
attention_microbench,cross,llama_7b,4096,32,32,128,1,11008,1,1024,1024,1024,float16,cuda,cross_attn.out_projection,5,3.2618134282529354,2.1034569945186377,5.00634009949863,1.408658868165398,16.309067141264677,16.2522900469446
attention_microbench,cross,llama_7b,4096,32,32,128,1,11008,1,1024,1024,1024,float16,cuda,cross_attn.q_proj,5,3.4854889381676912,2.1169919054955244,5.121978931128979,1.3151295568210655,17.427444690838456,17.366774165516617
attention_microbench,cross,llama_7b,4096,32,32,128,1,11008,1,1024,1024,1024,float16,cuda,cross_attn.softmax,5,1.8363598268479109,1.2624319642782211,2.6960191316902637,0.6941999671718677,9.181799134239554,9.149834346127689
attention_microbench,cross,llama_7b,4096,32,32,128,1,11008,1,1024,1024,1024,float16,cuda,cross_attn.v_proj,5,3.2630547415465117,2.0980490371584892,4.957959987223148,1.3805696632617235,16.31527370773256,16.25847500636367
attention_microbench,cross,llama_7b,4096,32,32,128,1,11008,1,1024,1024,1024,float16,cuda,cross_attn.weighted_sum,5,1.2957096099853516,0.928153982385993,1.8351241014897823,0.43975596308500364,6.478548049926758,6.45599414598475
