architecture,model_family,shape_name,d_model,num_heads,num_kv_heads,head_dim,num_layers,d_ff,batch_size,seq_len,encoder_seq_len,decoder_seq_len,phase,phase_tokens,timed_repeats,dtype,device,operation_key,count,avg_ms,min_ms,max_ms,std_ms,total_ms,avg_total_ms_per_repeat,avg_total_ms_per_token,pct_total
attention_microbench,cross,bert_large,1024,16,16,64,1,4096,1,1024,1024,1024,attention_microbench,1024,5,float16,cuda,cross_attn.k_proj,5,0.615873746573925,0.6098640151321888,0.6286811549216509,0.006611070997943163,3.079368732869625,0.615873746573925,0.0006014392056385987,7.704558880253449
attention_microbench,cross,bert_large,1024,16,16,64,1,4096,1,1024,1024,1024,attention_microbench,1024,5,float16,cuda,cross_attn.matmul_qk,5,3.160869190469384,3.12977097928524,3.1965880189090967,0.021882395916573417,15.804345952346921,3.160869190469384,0.003086786318817758,39.54236225561736
attention_microbench,cross,bert_large,1024,16,16,64,1,4096,1,1024,1024,1024,attention_microbench,1024,5,float16,cuda,cross_attn.out_projection,5,0.6337687838822603,0.6157520692795515,0.6736728828400373,0.020962578117799342,3.1688439194113016,0.6337687838822603,0.0006189148280100198,7.9284251667665275
attention_microbench,cross,bert_large,1024,16,16,64,1,4096,1,1024,1024,1024,attention_microbench,1024,5,float16,cuda,cross_attn.q_proj,5,0.6117524579167366,0.5957852117717266,0.6248080171644688,0.009302426424115827,3.058762289583683,0.6117524579167366,0.0005974145096843131,7.653001704292519
attention_microbench,cross,bert_large,1024,16,16,64,1,4096,1,1024,1024,1024,attention_microbench,1024,5,float16,cuda,cross_attn.softmax,5,1.4358088374137878,1.427283976227045,1.4427721034735441,0.005740969414729804,7.179044187068939,1.4358088374137878,0.0014021570677869022,17.961917990792198
attention_microbench,cross,bert_large,1024,16,16,64,1,4096,1,1024,1024,1024,attention_microbench,1024,5,float16,cuda,cross_attn.v_proj,5,0.6157912313938141,0.5981209687888622,0.622984953224659,0.00939698220459943,3.0789561569690704,0.6157912313938141,0.0006013586244080216,7.70352661825622
attention_microbench,cross,bert_large,1024,16,16,64,1,4096,1,1024,1024,1024,attention_microbench,1024,5,float16,cuda,cross_attn.weighted_sum,5,0.919763371348381,0.9172288700938225,0.9271488524973392,0.003734353874963843,4.598816856741905,0.919763371348381,0.0008982064173324034,11.506207384021724
