architecture,model_family,shape_name,d_model,num_heads,num_kv_heads,head_dim,num_layers,d_ff,batch_size,seq_len,encoder_seq_len,decoder_seq_len,phase,phase_tokens,timed_repeats,dtype,device,operation_key,count,avg_ms,min_ms,max_ms,std_ms,total_ms,avg_total_ms_per_repeat,avg_total_ms_per_token,pct_total
attention_microbench,cross,t5_large,1024,16,16,64,1,4096,1,512,512,512,attention_microbench,512,5,float16,cuda,cross_attn.k_proj,5,0.3388381563127041,0.334370881319046,0.3449309151619673,0.004481710797896242,1.6941907815635204,0.3388381563127041,0.0006617932740482502,11.350297308932994
attention_microbench,cross,t5_large,1024,16,16,64,1,4096,1,512,512,512,attention_microbench,512,5,float16,cuda,cross_attn.matmul_qk,5,0.8903372101485729,0.8852879982441664,0.8948240429162979,0.0031038457873655326,4.451686050742865,0.8903372101485729,0.0017389398635714315,29.82424456077519
attention_microbench,cross,t5_large,1024,16,16,64,1,4096,1,512,512,512,attention_microbench,512,5,float16,cuda,cross_attn.out_projection,5,0.3384158480912447,0.3339550457894802,0.34787505865097046,0.005533942268237989,1.6920792404562235,0.3384158480912447,0.0006609684533032123,11.33615095681689
attention_microbench,cross,t5_large,1024,16,16,64,1,4096,1,512,512,512,attention_microbench,512,5,float16,cuda,cross_attn.q_proj,5,0.3379163332283497,0.33123488537967205,0.34278701059520245,0.003884097985718221,1.6895816661417484,0.3379163332283497,0.0006599928383366205,11.319418360152492
attention_microbench,cross,t5_large,1024,16,16,64,1,4096,1,512,512,512,attention_microbench,512,5,float16,cuda,cross_attn.softmax,5,0.40781134739518166,0.4033949226140976,0.41821086779236794,0.00578535092485167,2.0390567369759083,0.40781134739518166,0.0007965065378812142,13.660740246207986
attention_microbench,cross,t5_large,1024,16,16,64,1,4096,1,512,512,512,attention_microbench,512,5,float16,cuda,cross_attn.v_proj,5,0.3336413763463497,0.3316509537398815,0.3366749733686447,0.002242256210114439,1.6682068817317486,0.3336413763463497,0.0006516433131764643,11.17621715719001
attention_microbench,cross,t5_large,1024,16,16,64,1,4096,1,512,512,512,attention_microbench,512,5,float16,cuda,cross_attn.weighted_sum,5,0.3383197356015444,0.33523491583764553,0.34304289147257805,0.003404074693203016,1.691598678007722,0.3383197356015444,0.0006607807335967664,11.33293140992444
