architecture,model_family,shape_name,d_model,num_heads,num_kv_heads,head_dim,num_layers,d_ff,batch_size,seq_len,encoder_seq_len,decoder_seq_len,dtype,device,operation_key,count,avg_ms,min_ms,max_ms,std_ms,total_ms,pct_total
attention_microbench,cross,llama_7b,4096,32,32,128,1,11008,1,512,512,512,float16,cuda,cross_attn.k_proj,5,2.569954190403223,2.5408619549125433,2.6148410979658365,0.026009478205838214,12.849770952016115,19.414593639983067
attention_microbench,cross,llama_7b,4096,32,32,128,1,11008,1,512,512,512,float16,cuda,cross_attn.matmul_qk,5,1.506438571959734,1.4561128336936235,1.5568409580737352,0.03831513537215615,7.53219285979867,11.3803167493837
attention_microbench,cross,llama_7b,4096,32,32,128,1,11008,1,512,512,512,float16,cuda,cross_attn.out_projection,5,2.590342564508319,2.5246068835258484,2.6372389402240515,0.0420166367847481,12.951712822541595,19.568616618177977
attention_microbench,cross,llama_7b,4096,32,32,128,1,11008,1,512,512,512,float16,cuda,cross_attn.q_proj,5,2.5585628114640713,2.4930250365287066,2.623670967295766,0.04866001117233026,12.792814057320356,19.328538023144237
attention_microbench,cross,llama_7b,4096,32,32,128,1,11008,1,512,512,512,float16,cuda,cross_attn.softmax,5,0.757932523265481,0.7320079021155834,0.7769649382680655,0.016980019515325285,3.789662616327405,5.725764295984423
attention_microbench,cross,llama_7b,4096,32,32,128,1,11008,1,512,512,512,float16,cuda,cross_attn.v_proj,5,2.570306183770299,2.5141441728919744,2.630423055961728,0.04262208448987138,12.851530918851495,19.417252756714124
attention_microbench,cross,llama_7b,4096,32,32,128,1,11008,1,512,512,512,float16,cuda,cross_attn.weighted_sum,5,0.6836920045316219,0.6284639239311218,0.7278171833604574,0.038020640557640074,3.4184600226581097,5.16491791661247
