architecture,model_family,shape_name,d_model,num_heads,num_kv_heads,head_dim,num_layers,d_ff,batch_size,seq_len,encoder_seq_len,decoder_seq_len,phase,phase_tokens,timed_repeats,dtype,device,operation_key,count,avg_ms,min_ms,max_ms,std_ms,total_ms,avg_total_ms_per_repeat,avg_total_ms_per_token,pct_total
attention_microbench,cross,llama_7b,4096,32,32,128,1,11008,1,4096,4096,4096,attention_microbench,4096,5,float16,cuda,cross_attn.k_proj,5,6.687958957627416,6.531490944325924,6.87933387234807,0.13262900154287408,33.43979478813708,6.687958957627416,0.0016328024798895058,5.425964526202612
attention_microbench,cross,llama_7b,4096,32,32,128,1,11008,1,4096,4096,4096,attention_microbench,4096,5,float16,cuda,cross_attn.matmul_qk,5,32.61125576682389,31.506208004429936,35.439974861219525,1.4759755737610438,163.05627883411944,32.61125576682389,0.007961732364947238,26.457626021150066
attention_microbench,cross,llama_7b,4096,32,32,128,1,11008,1,4096,4096,4096,attention_microbench,4096,5,float16,cuda,cross_attn.out_projection,5,6.672502821311355,6.544674979522824,6.806340999901295,0.10620573716114716,33.36251410655677,6.672502821311355,0.0016290290091092174,5.413424908675885
attention_microbench,cross,llama_7b,4096,32,32,128,1,11008,1,4096,4096,4096,attention_microbench,4096,5,float16,cuda,cross_attn.q_proj,5,6.711671175435185,6.566755007952452,6.895110011100769,0.1327570531635933,33.55835587717593,6.711671175435185,0.0016385915955652308,5.445202331559628
attention_microbench,cross,llama_7b,4096,32,32,128,1,11008,1,4096,4096,4096,attention_microbench,4096,5,float16,cuda,cross_attn.softmax,5,54.87340176478028,54.730060044676065,54.98948600143194,0.1071132080395313,274.3670088239014,54.87340176478028,0.013396826602729561,44.51898304013915
attention_microbench,cross,llama_7b,4096,32,32,128,1,11008,1,4096,4096,4096,attention_microbench,4096,5,float16,cuda,cross_attn.v_proj,5,6.6458596382290125,6.500802002847195,6.807398051023483,0.11680539514184894,33.22929819114506,6.6458596382290125,0.001622524325739505,5.3918092009262075
attention_microbench,cross,llama_7b,4096,32,32,128,1,11008,1,4096,4096,4096,attention_microbench,4096,5,float16,cuda,cross_attn.weighted_sum,5,9.055784856900573,8.799865143373609,9.533921023830771,0.27348644699022,45.278924284502864,9.055784856900573,0.0022108849748292414,7.346989971346454
