architecture,model_family,shape_name,d_model,num_heads,num_kv_heads,head_dim,num_layers,d_ff,batch_size,seq_len,encoder_seq_len,decoder_seq_len,phase,phase_tokens,timed_repeats,dtype,device,operation_key,count,avg_ms,min_ms,max_ms,std_ms,total_ms,avg_total_ms_per_repeat,avg_total_ms_per_token,pct_total
attention_microbench,cross,t5_large,1024,16,16,64,1,4096,1,256,256,256,attention_microbench,256,5,float16,cuda,cross_attn.k_proj,5,0.2457813359797001,0.24013081565499306,0.25104195810854435,0.004411257846333354,1.2289066798985004,0.2457813359797001,0.0009600833436707035,15.052673093659912
attention_microbench,cross,t5_large,1024,16,16,64,1,4096,1,256,256,256,attention_microbench,256,5,float16,cuda,cross_attn.matmul_qk,5,0.3089179750531912,0.3046749625355005,0.3136671148240566,0.0033351890175288487,1.544589875265956,0.3089179750531912,0.001206710840051528,18.919423937117575
attention_microbench,cross,t5_large,1024,16,16,64,1,4096,1,256,256,256,attention_microbench,256,5,float16,cuda,cross_attn.out_projection,5,0.26169843040406704,0.2587549388408661,0.2681310288608074,0.0033842191918650737,1.3084921520203352,0.26169843040406704,0.0010222594937658869,16.02750227674606
attention_microbench,cross,t5_large,1024,16,16,64,1,4096,1,256,256,256,attention_microbench,256,5,float16,cuda,cross_attn.q_proj,5,0.24236380122601986,0.239458866417408,0.2504340372979641,0.004078307284283946,1.2118190061300993,0.24236380122601986,0.0009467335985391401,14.843369025764298
attention_microbench,cross,t5_large,1024,16,16,64,1,4096,1,256,256,256,attention_microbench,256,5,float16,cuda,cross_attn.softmax,5,0.15938053838908672,0.15308894217014313,0.1681298017501831,0.005670291820748539,0.7969026919454336,0.15938053838908672,0.00062258022808237,9.761128249626678
attention_microbench,cross,t5_large,1024,16,16,64,1,4096,1,256,256,256,attention_microbench,256,5,float16,cuda,cross_attn.v_proj,5,0.2479191403836012,0.23830682039260864,0.26118685491383076,0.0076825621472271025,1.239595701918006,0.2479191403836012,0.0009684341421234421,15.183601142780647
attention_microbench,cross,t5_large,1024,16,16,64,1,4096,1,256,256,256,attention_microbench,256,5,float16,cuda,cross_attn.weighted_sum,5,0.1667473465204239,0.16208202578127384,0.17196987755596638,0.0036571107503411337,0.8337367326021194,0.1667473465204239,0.0006513568223454058,10.212302274304829
