architecture,model_family,shape_name,d_model,num_heads,num_kv_heads,head_dim,num_layers,d_ff,batch_size,seq_len,encoder_seq_len,decoder_seq_len,phase,phase_tokens,timed_repeats,dtype,device,operation_key,count,avg_ms,min_ms,max_ms,std_ms,total_ms,avg_total_ms_per_repeat,avg_total_ms_per_token,pct_total
attention_microbench,cross,llama_7b,4096,32,32,128,1,11008,1,2048,2048,2048,attention_microbench,2048,5,float16,cuda,cross_attn.k_proj,5,3.590251598507166,3.4046759828925133,3.654278116300702,0.09324082305254434,17.95125799253583,3.590251598507166,0.001753052538333577,6.64523203944878
attention_microbench,cross,llama_7b,4096,32,32,128,1,11008,1,2048,2048,2048,attention_microbench,2048,5,float16,cuda,cross_attn.matmul_qk,5,9.742724616080523,9.582241997122765,9.807110065594316,0.08152696040058485,48.71362308040261,9.742724616080523,0.004757189753945568,18.03290493547158
attention_microbench,cross,llama_7b,4096,32,32,128,1,11008,1,2048,2048,2048,attention_microbench,2048,5,float16,cuda,cross_attn.out_projection,5,3.5973169375211,3.58781311661005,3.6073969677090645,0.008058407758197975,17.9865846876055,3.5973169375211,0.0017565024108989746,6.658309345007111
attention_microbench,cross,llama_7b,4096,32,32,128,1,11008,1,2048,2048,2048,attention_microbench,2048,5,float16,cuda,cross_attn.q_proj,5,3.5687279887497425,3.410595003515482,3.6237179301679134,0.07962087581351286,17.843639943748713,3.5687279887497425,0.0017425429632567102,6.605393778190407
attention_microbench,cross,llama_7b,4096,32,32,128,1,11008,1,2048,2048,2048,attention_microbench,2048,5,float16,cuda,cross_attn.softmax,5,27.03807125799358,27.027511037886143,27.04885508865118,0.008285238589350164,135.1903562899679,27.03807125799358,0.013202183231442177,50.04503235462023
attention_microbench,cross,llama_7b,4096,32,32,128,1,11008,1,2048,2048,2048,attention_microbench,2048,5,float16,cuda,cross_attn.v_proj,5,3.5680692177265882,3.3985960762947798,3.6305340472608805,0.08555047260740038,17.84034608863294,3.5680692177265882,0.0017422212977180607,6.604174452416261
attention_microbench,cross,llama_7b,4096,32,32,128,1,11008,1,2048,2048,2048,attention_microbench,2048,5,float16,cuda,cross_attn.weighted_sum,5,2.922321204096079,2.9108780436217785,2.9374060686677694,0.00945436529349283,14.611606020480394,2.922321204096079,0.0014269146504375385,5.408953094845629
