architecture,model_family,shape_name,d_model,num_heads,num_kv_heads,head_dim,num_layers,d_ff,batch_size,seq_len,encoder_seq_len,decoder_seq_len,phase,phase_tokens,timed_repeats,dtype,device,operation_key,count,avg_ms,min_ms,max_ms,std_ms,total_ms,avg_total_ms_per_repeat,avg_total_ms_per_token,pct_total
attention_microbench,cross,bert_large,1024,16,16,64,1,4096,1,512,512,512,attention_microbench,512,5,float16,cuda,cross_attn.k_proj,5,0.3519087564200163,0.34240493550896645,0.36704493686556816,0.008499418040666729,1.7595437821000814,0.3519087564200163,0.0006873217898828443,11.367768630098668
attention_microbench,cross,bert_large,1024,16,16,64,1,4096,1,512,512,512,attention_microbench,512,5,float16,cuda,cross_attn.matmul_qk,5,0.9144893381744623,0.9020930156111717,0.9444609750062227,0.01536016445329685,4.572446690872312,0.9144893381744623,0.0017861119886219967,29.54090519603804
attention_microbench,cross,bert_large,1024,16,16,64,1,4096,1,512,512,512,attention_microbench,512,5,float16,cuda,cross_attn.out_projection,5,0.34921420738101006,0.34294906072318554,0.3561649937182665,0.004638897792947286,1.7460710369050503,0.34921420738101006,0.0006820589987910353,11.280726152527242
attention_microbench,cross,bert_large,1024,16,16,64,1,4096,1,512,512,512,attention_microbench,512,5,float16,cuda,cross_attn.q_proj,5,0.3570098429918289,0.3427569754421711,0.38522109389305115,0.01510198903891533,1.7850492149591446,0.3570098429918289,0.0006972848495934159,11.53254990039266
attention_microbench,cross,bert_large,1024,16,16,64,1,4096,1,512,512,512,attention_microbench,512,5,float16,cuda,cross_attn.softmax,5,0.4214776214212179,0.41373400017619133,0.4404219798743725,0.0099001324830768,2.1073881071060896,0.4214776214212179,0.0008231984793383162,13.615063551763898
attention_microbench,cross,bert_large,1024,16,16,64,1,4096,1,512,512,512,attention_microbench,512,5,float16,cuda,cross_attn.v_proj,5,0.3475570119917393,0.3411569632589817,0.3553330898284912,0.005753428664017421,1.7377850599586964,0.3475570119917393,0.0006788222890463658,11.227193486981369
attention_microbench,cross,bert_large,1024,16,16,64,1,4096,1,512,512,512,attention_microbench,512,5,float16,cuda,cross_attn.weighted_sum,5,0.35401456989347935,0.34250086173415184,0.36400509998202324,0.00788909249137139,1.7700728494673967,0.35401456989347935,0.0006914347068232019,11.435793082198124
