architecture,model_family,shape_name,d_model,num_heads,num_kv_heads,head_dim,num_layers,d_ff,batch_size,seq_len,encoder_seq_len,decoder_seq_len,phase,phase_tokens,timed_repeats,dtype,device,operation_key,count,avg_ms,min_ms,max_ms,std_ms,total_ms,avg_total_ms_per_repeat,avg_total_ms_per_token,pct_total
attention_microbench,cross,gpt3_2p7b,2560,32,32,80,1,10240,1,1024,1024,1024,attention_microbench,1024,5,float16,cuda,cross_attn.k_proj,5,2.0260204561054707,2.017783001065254,2.030072035267949,0.004321632487715646,10.130102280527353,2.0260204561054707,0.0019785356016654987,11.932937956668582
attention_microbench,cross,gpt3_2p7b,2560,32,32,80,1,10240,1,1024,1024,1024,attention_microbench,1024,5,float16,cuda,cross_attn.matmul_qk,5,4.4487109407782555,4.442866891622543,4.454036010429263,0.0038699050812954104,22.243554703891277,4.4487109407782555,0.004344444278103765,26.202199234209548
attention_microbench,cross,gpt3_2p7b,2560,32,32,80,1,10240,1,1024,1024,1024,attention_microbench,1024,5,float16,cuda,cross_attn.out_projection,5,2.0377837121486664,2.0334958098828793,2.04475992359221,0.0042675060651273435,10.188918560743332,2.0377837121486664,0.001990023156395182,12.002221662126171
attention_microbench,cross,gpt3_2p7b,2560,32,32,80,1,10240,1,1024,1024,1024,attention_microbench,1024,5,float16,cuda,cross_attn.q_proj,5,2.033540792763233,2.027575857937336,2.04210402444005,0.004745663470331628,10.167703963816166,2.033540792763233,0.001985879680432845,11.977231542392214
attention_microbench,cross,gpt3_2p7b,2560,32,32,80,1,10240,1,1024,1024,1024,attention_microbench,1024,5,float16,cuda,cross_attn.softmax,5,2.6834103744477034,2.675327006727457,2.6874549221247435,0.0044435957521253315,13.417051872238517,2.6834103744477034,0.0026205179437965853,15.804859923338455
attention_microbench,cross,gpt3_2p7b,2560,32,32,80,1,10240,1,1024,1024,1024,attention_microbench,1024,5,float16,cuda,cross_attn.v_proj,5,2.0388976205140352,2.032375894486904,2.045528031885624,0.005275845449490703,10.194488102570176,2.0388976205140352,0.0019911109575332375,12.008782405070944
attention_microbench,cross,gpt3_2p7b,2560,32,32,80,1,10240,1,1024,1024,1024,attention_microbench,1024,5,float16,cuda,cross_attn.weighted_sum,5,1.7100236844271421,1.7023880500346422,1.7136521637439728,0.003958963026726057,8.55011842213571,1.7100236844271421,0.001669945004323381,10.07176727619409
