architecture,model_family,shape_name,d_model,num_heads,num_kv_heads,head_dim,num_layers,d_ff,batch_size,seq_len,encoder_seq_len,decoder_seq_len,dtype,device,operation_key,count,avg_ms,min_ms,max_ms,std_ms,total_ms,pct_total
attention_microbench,cross,gpt3_2p7b,2560,32,32,80,1,10240,1,128,128,128,float16,cuda,cross_attn.k_proj,5,0.5925653968006372,0.5638250149786472,0.6262839306145906,0.022056948005123242,2.9628269840031862,18.48336811407753
attention_microbench,cross,gpt3_2p7b,2560,32,32,80,1,10240,1,128,128,128,float16,cuda,cross_attn.matmul_qk,5,0.3763019572943449,0.36080298013985157,0.40390295907855034,0.015243117004844165,1.8815097864717245,11.737653997807282
attention_microbench,cross,gpt3_2p7b,2560,32,32,80,1,10240,1,128,128,128,float16,cuda,cross_attn.out_projection,5,0.6158916745334864,0.60599809512496,0.6230850704014301,0.006324808438528888,3.079458372667432,19.210964056053392
attention_microbench,cross,gpt3_2p7b,2560,32,32,80,1,10240,1,128,128,128,float16,cuda,cross_attn.q_proj,5,0.6004880648106337,0.5939030088484287,0.6126849912106991,0.006503275921707755,3.0024403240531683,18.7304928872503
attention_microbench,cross,gpt3_2p7b,2560,32,32,80,1,10240,1,128,128,128,float16,cuda,cross_attn.softmax,5,0.15288381837308407,0.14328490942716599,0.1604030840098858,0.007872197138908615,0.7644190918654203,4.7687696732419855
attention_microbench,cross,gpt3_2p7b,2560,32,32,80,1,10240,1,128,128,128,float16,cuda,cross_attn.v_proj,5,0.6085967645049095,0.5762411747127771,0.628588953986764,0.017998836252467305,3.0429838225245476,18.983420382147933
attention_microbench,cross,gpt3_2p7b,2560,32,32,80,1,10240,1,128,128,128,float16,cuda,cross_attn.weighted_sum,5,0.2592107281088829,0.22574188187718391,0.30419789254665375,0.02827767829683545,1.2960536405444145,8.085330889421577
