architecture,model_family,shape_name,d_model,num_heads,num_kv_heads,head_dim,num_layers,d_ff,batch_size,seq_len,encoder_seq_len,decoder_seq_len,phase,phase_tokens,timed_repeats,dtype,device,operation_key,count,avg_ms,min_ms,max_ms,std_ms,total_ms,avg_total_ms_per_repeat,avg_total_ms_per_token,pct_total
attention_microbench,cross,gpt2_medium,1024,16,16,64,1,4096,1,2048,2048,2048,attention_microbench,2048,5,float16,cuda,cross_attn.k_proj,5,0.49948166124522686,0.4270130302757025,0.5982150323688984,0.07774924634000223,2.4974083062261343,0.49948166124522686,0.00024388752990489593,2.1577038297248623
attention_microbench,cross,gpt2_medium,1024,16,16,64,1,4096,1,2048,2048,2048,attention_microbench,2048,5,float16,cuda,cross_attn.matmul_qk,5,6.052844598889351,5.187042057514191,7.353949127718806,1.0558080782784147,30.264222994446754,6.052844598889351,0.002955490526801441,26.14759857087307
attention_microbench,cross,gpt2_medium,1024,16,16,64,1,4096,1,2048,2048,2048,attention_microbench,2048,5,float16,cuda,cross_attn.out_projection,5,0.5234114360064268,0.46439003199338913,0.6068239454180002,0.06475228594185442,2.617057180032134,0.5234114360064268,0.0002555719902375131,2.2610777284140964
attention_microbench,cross,gpt2_medium,1024,16,16,64,1,4096,1,2048,2048,2048,attention_microbench,2048,5,float16,cuda,cross_attn.q_proj,5,0.49722897820174694,0.4244220908731222,0.601127976551652,0.08086625716958418,2.4861448910087347,0.49722897820174694,0.00024278758701257175,2.147972495809709
attention_microbench,cross,gpt2_medium,1024,16,16,64,1,4096,1,2048,2048,2048,attention_microbench,2048,5,float16,cuda,cross_attn.softmax,5,13.52836862206459,10.636677965521812,16.021354123950005,2.372537147392007,67.64184311032295,13.52836862206459,0.006605648741242476,58.441010052273214
attention_microbench,cross,gpt2_medium,1024,16,16,64,1,4096,1,2048,2048,2048,attention_microbench,2048,5,float16,cuda,cross_attn.v_proj,5,0.4881849978119135,0.4119731020182371,0.6080388557165861,0.08596005796605019,2.4409249890595675,0.4881849978119135,0.00023837158096284838,2.10890353164704
attention_microbench,cross,gpt2_medium,1024,16,16,64,1,4096,1,2048,2048,2048,attention_microbench,2048,5,float16,cuda,cross_attn.weighted_sum,5,1.559238787740469,1.4241139870136976,1.7595419194549322,0.16161558711406948,7.796193938702345,1.559238787740469,0.0007613470643264009,6.735733791258012
