architecture,model_family,shape_name,d_model,num_heads,num_kv_heads,head_dim,num_layers,d_ff,batch_size,seq_len,encoder_seq_len,decoder_seq_len,phase,phase_tokens,timed_repeats,dtype,device,operation_key,count,avg_ms,min_ms,max_ms,std_ms,total_ms,avg_total_ms_per_repeat,avg_total_ms_per_token,pct_total
attention_microbench,cross,llama_7b,4096,32,32,128,1,11008,1,8192,8192,8192,attention_microbench,8192,5,float16,cuda,cross_attn.k_proj,5,15.155784459784627,14.673937112092972,15.467447927221656,0.33523801794917807,75.77892229892313,15.155784459784627,0.001850071345188553,4.304644843789402
attention_microbench,cross,llama_7b,4096,32,32,128,1,11008,1,8192,8192,8192,attention_microbench,8192,5,float16,cuda,cross_attn.matmul_qk,5,118.14656360074878,117.71315499208868,119.26507693715394,0.5775964219639427,590.7328180037439,118.14656360074878,0.014422187939544528,33.55675829020249
attention_microbench,cross,llama_7b,4096,32,32,128,1,11008,1,8192,8192,8192,attention_microbench,8192,5,float16,cuda,cross_attn.out_projection,5,14.690486993640661,14.519055839627981,14.780177036300302,0.0938952564504208,73.4524349682033,14.690486993640661,0.001793272338090901,4.172488019853324
attention_microbench,cross,llama_7b,4096,32,32,128,1,11008,1,8192,8192,8192,attention_microbench,8192,5,float16,cuda,cross_attn.q_proj,5,15.12401420623064,14.862801879644394,15.29135019518435,0.14250228224249037,75.6200710311532,15.12401420623064,0.0018461931404090137,4.295621248969223
attention_microbench,cross,llama_7b,4096,32,32,128,1,11008,1,8192,8192,8192,attention_microbench,8192,5,float16,cuda,cross_attn.softmax,5,137.03313637524843,136.71615999192,137.3026908840984,0.18696033403272425,685.1656818762422,137.03313637524843,0.016727677780181693,38.921045986845975
attention_microbench,cross,llama_7b,4096,32,32,128,1,11008,1,8192,8192,8192,attention_microbench,8192,5,float16,cuda,cross_attn.v_proj,5,15.506891394034028,15.249270014464855,15.78591507859528,0.18181724455256845,77.53445697017014,15.506891394034028,0.0018929310783732944,4.404368527386632
attention_microbench,cross,llama_7b,4096,32,32,128,1,11008,1,8192,8192,8192,attention_microbench,8192,5,float16,cuda,cross_attn.weighted_sum,5,36.42291142605245,35.784831969067454,37.14266908355057,0.4756180181922033,182.11455713026226,36.42291142605245,0.004446156179938043,10.345073082952963
