architecture,model_family,shape_name,d_model,num_heads,num_kv_heads,head_dim,num_layers,d_ff,batch_size,seq_len,encoder_seq_len,decoder_seq_len,phase,phase_tokens,timed_repeats,dtype,device,operation_key,count,avg_ms,min_ms,max_ms,std_ms,total_ms,avg_total_ms_per_repeat,avg_total_ms_per_token,pct_total
attention_microbench,cross,llama_7b,4096,32,32,128,1,11008,1,128,128,128,attention_microbench,128,5,float16,cuda,cross_attn.k_proj,5,0.9889194276183844,0.9834340307861567,0.9965230710804462,0.004566864088337729,4.944597138091922,0.9889194276183844,0.007725933028268628,21.426469112530878
attention_microbench,cross,llama_7b,4096,32,32,128,1,11008,1,128,128,128,attention_microbench,128,5,float16,cuda,cross_attn.matmul_qk,5,0.27488931082189083,0.2664029598236084,0.286690890789032,0.008219662366870654,1.3744465541094542,0.27488931082189083,0.002147572740796022,5.95590213236564
attention_microbench,cross,llama_7b,4096,32,32,128,1,11008,1,128,128,128,attention_microbench,128,5,float16,cuda,cross_attn.out_projection,5,1.014526467770338,0.9953710250556469,1.0794680565595627,0.032658457586671824,5.07263233885169,1.014526467770338,0.007925988029455766,21.98128524775489
attention_microbench,cross,llama_7b,4096,32,32,128,1,11008,1,128,128,128,attention_microbench,128,5,float16,cuda,cross_attn.q_proj,5,0.9901545476168394,0.9810018818825483,1.0169390588998795,0.013513100733698089,4.950772738084197,0.9901545476168394,0.007735582403256558,21.453229897846725
attention_microbench,cross,llama_7b,4096,32,32,128,1,11008,1,128,128,128,attention_microbench,128,5,float16,cuda,cross_attn.softmax,5,0.12072455137968063,0.11881696991622448,0.12467382475733757,0.0021084069562551508,0.6036227568984032,0.12072455137968063,0.000943160557653755,2.615684148799087
attention_microbench,cross,llama_7b,4096,32,32,128,1,11008,1,128,128,128,attention_microbench,128,5,float16,cuda,cross_attn.v_proj,5,0.9883753955364227,0.9845220483839512,0.992906978353858,0.002945406239287186,4.941876977682114,0.9883753955364227,0.007721682777628303,21.414681815937413
attention_microbench,cross,llama_7b,4096,32,32,128,1,11008,1,128,128,128,attention_microbench,128,5,float16,cuda,cross_attn.weighted_sum,5,0.2378204371780157,0.23104296997189522,0.2443869598209858,0.0047178088978525,1.1891021858900785,0.2378204371780157,0.0018579721654532477,5.152747644765366
