architecture,model_family,shape_name,d_model,num_heads,num_kv_heads,head_dim,num_layers,d_ff,batch_size,seq_len,encoder_seq_len,decoder_seq_len,dtype,device,operation_key,count,avg_ms,min_ms,max_ms,std_ms,total_ms,pct_total
attention_microbench,cross,bart_large,1024,16,16,64,1,4096,1,128,128,128,float16,cuda,cross_attn.k_proj,5,0.19281264394521713,0.1853641588240862,0.2127538900822401,0.010199946583162306,0.9640632197260857,14.697279947932566
attention_microbench,cross,bart_large,1024,16,16,64,1,4096,1,128,128,128,float16,cuda,cross_attn.matmul_qk,5,0.2536472864449024,0.2500631380826235,0.25838310830295086,0.0037694365014316073,1.268236432224512,19.334443533554616
attention_microbench,cross,bart_large,1024,16,16,64,1,4096,1,128,128,128,float16,cuda,cross_attn.out_projection,5,0.19897539168596268,0.19473908469080925,0.2030900213867426,0.0033845180646197605,0.9948769584298134,15.167039746568806
attention_microbench,cross,bart_large,1024,16,16,64,1,4096,1,128,128,128,float16,cuda,cross_attn.q_proj,5,0.19912905991077423,0.19313907250761986,0.2140651922672987,0.007713385104839863,0.9956452995538712,15.178753215524706
attention_microbench,cross,bart_large,1024,16,16,64,1,4096,1,128,128,128,float16,cuda,cross_attn.softmax,5,0.10307147167623043,0.09765708819031715,0.11314521543681622,0.005331740491530558,0.5153573583811522,7.85669571701622
attention_microbench,cross,bart_large,1024,16,16,64,1,4096,1,128,128,128,float16,cuda,cross_attn.v_proj,5,0.19402881152927876,0.18776394426822662,0.20001805387437344,0.004684383799680084,0.9701440576463938,14.789983180878394
attention_microbench,cross,bart_large,1024,16,16,64,1,4096,1,128,128,128,float16,cuda,cross_attn.weighted_sum,5,0.170228723436594,0.16779708676040173,0.17246813513338566,0.0017865773156886943,0.85114361718297,12.975804658524693
