architecture,model_family,shape_name,d_model,num_heads,num_kv_heads,head_dim,num_layers,d_ff,batch_size,seq_len,encoder_seq_len,decoder_seq_len,dtype,device,operation_key,count,avg_ms,min_ms,max_ms,std_ms,total_ms,pct_total
attention_microbench,cross,gpt2_medium,1024,16,16,64,1,4096,1,512,512,512,float16,cuda,cross_attn.k_proj,5,0.3447385970503092,0.33878698013722897,0.3539859317243099,0.005677374984698783,1.723692985251546,11.39486229537088
attention_microbench,cross,gpt2_medium,1024,16,16,64,1,4096,1,512,512,512,float16,cuda,cross_attn.matmul_qk,5,0.8979006670415401,0.8925001602619886,0.9056180715560913,0.004956875257652291,4.489503335207701,29.678877106896408
attention_microbench,cross,gpt2_medium,1024,16,16,64,1,4096,1,512,512,512,float16,cuda,cross_attn.out_projection,5,0.3420444205403328,0.3366118762642145,0.3476820420473814,0.004090952594617297,1.710222102701664,11.305809979809812
attention_microbench,cross,gpt2_medium,1024,16,16,64,1,4096,1,512,512,512,float16,cuda,cross_attn.q_proj,5,0.34193568862974644,0.33424305729568005,0.35068998113274574,0.0062118219776190736,1.7096784431487322,11.30221599538554
attention_microbench,cross,gpt2_medium,1024,16,16,64,1,4096,1,512,512,512,float16,cuda,cross_attn.softmax,5,0.4139102529734373,0.41020498611032963,0.4211161285638809,0.003962307928819999,2.0695512648671865,13.681236669261468
attention_microbench,cross,gpt2_medium,1024,16,16,64,1,4096,1,512,512,512,float16,cuda,cross_attn.v_proj,5,0.33916463144123554,0.3371231723576784,0.3407069016247988,0.0014794884205452197,1.6958231572061777,11.21062249426367
attention_microbench,cross,gpt2_medium,1024,16,16,64,1,4096,1,512,512,512,float16,cuda,cross_attn.weighted_sum,5,0.34569199196994305,0.34157116897404194,0.3487060312181711,0.0026673316382510013,1.7284599598497152,11.426375459012224
