architecture,model_family,shape_name,d_model,num_heads,num_kv_heads,head_dim,num_layers,d_ff,batch_size,seq_len,encoder_seq_len,decoder_seq_len,phase,phase_tokens,timed_repeats,dtype,device,operation_key,count,avg_ms,min_ms,max_ms,std_ms,total_ms,avg_total_ms_per_repeat,avg_total_ms_per_token,pct_total
attention_microbench,cross,bart_large,1024,16,16,64,1,4096,1,8192,8192,8192,attention_microbench,8192,5,float16,cuda,cross_attn.k_proj,5,1.1182802729308605,1.1009681038558483,1.1647772043943405,0.02430907472731358,5.591401364654303,1.1182802729308605,0.00013650882237925543,0.7768245727158939
attention_microbench,cross,bart_large,1024,16,16,64,1,4096,1,8192,8192,8192,attention_microbench,8192,5,float16,cuda,cross_attn.matmul_qk,5,52.31086416170001,52.26494395174086,52.342992974445224,0.025903907841348592,261.55432080850005,52.31086416170001,0.006385603535363771,36.33826482006106
attention_microbench,cross,bart_large,1024,16,16,64,1,4096,1,8192,8192,8192,attention_microbench,8192,5,float16,cuda,cross_attn.out_projection,5,1.1245913803577423,1.1122329160571098,1.1401050724089146,0.010207928912464075,5.6229569017887115,1.1245913803577423,0.00013727922123507597,0.7812086465915802
attention_microbench,cross,bart_large,1024,16,16,64,1,4096,1,8192,8192,8192,attention_microbench,8192,5,float16,cuda,cross_attn.q_proj,5,1.130933640524745,1.1109209153801203,1.1836569756269455,0.027410855879006817,5.654668202623725,1.130933640524745,0.00013805342291561828,0.7856143610296721
attention_microbench,cross,bart_large,1024,16,16,64,1,4096,1,8192,8192,8192,attention_microbench,8192,5,float16,cuda,cross_attn.softmax,5,68.10143026523292,68.02615313790739,68.18711408413947,0.05175721658048325,340.5071513261646,68.10143026523292,0.00831316287417394,47.30733944584357
attention_microbench,cross,bart_large,1024,16,16,64,1,4096,1,8192,8192,8192,attention_microbench,8192,5,float16,cuda,cross_attn.v_proj,5,1.092840638011694,1.0822799522429705,1.1038491502404213,0.008393689751632492,5.46420319005847,1.092840638011694,0.00013340339819478686,0.7591526759611241
attention_microbench,cross,bart_large,1024,16,16,64,1,4096,1,8192,8192,8192,attention_microbench,8192,5,float16,cuda,cross_attn.weighted_sum,5,19.076376222074032,18.960721092298627,19.347283989191055,0.13852544552966622,95.38188111037016,19.076376222074032,0.0023286592067961465,13.2515954777971
