architecture,model_family,shape_name,d_model,num_heads,num_kv_heads,head_dim,num_layers,d_ff,batch_size,seq_len,encoder_seq_len,decoder_seq_len,phase,phase_tokens,timed_repeats,dtype,device,operation_key,count,avg_ms,min_ms,max_ms,std_ms,total_ms,avg_total_ms_per_repeat,avg_total_ms_per_token,pct_total
attention_microbench,cross,bert_base,768,12,12,64,1,3072,1,256,256,256,attention_microbench,256,5,float16,cuda,cross_attn.k_proj,5,0.19024284556508064,0.18003513105213642,0.21270709112286568,0.01169765900924275,0.9512142278254032,0.19024284556508064,0.0007431361154885963,14.532175549666944
attention_microbench,cross,bert_base,768,12,12,64,1,3072,1,256,256,256,attention_microbench,256,5,float16,cuda,cross_attn.matmul_qk,5,0.2680170349776745,0.25971606373786926,0.28432393446564674,0.008912030415566588,1.3400851748883724,0.2680170349776745,0.001046941542881541,20.47315151866978
attention_microbench,cross,bert_base,768,12,12,64,1,3072,1,256,256,256,attention_microbench,256,5,float16,cuda,cross_attn.out_projection,5,0.17858827486634254,0.1768660731613636,0.18259510397911072,0.002052516097517432,0.8929413743317127,0.17858827486634254,0.0006976104486966506,13.64191201914102
attention_microbench,cross,bert_base,768,12,12,64,1,3072,1,256,256,256,attention_microbench,256,5,float16,cuda,cross_attn.q_proj,5,0.18660123459994793,0.1808670349419117,0.19773119129240513,0.005921836702696654,0.9330061729997396,0.18660123459994793,0.0007289110726560466,14.254001988544527
attention_microbench,cross,bert_base,768,12,12,64,1,3072,1,256,256,256,attention_microbench,256,5,float16,cuda,cross_attn.softmax,5,0.13642441481351852,0.1307858619838953,0.14352193102240562,0.0045013968496636775,0.6821220740675926,0.13642441481351852,0.0005329078703653067,10.421120118561419
attention_microbench,cross,bert_base,768,12,12,64,1,3072,1,256,256,256,attention_microbench,256,5,float16,cuda,cross_attn.v_proj,5,0.1870238222181797,0.1827869564294815,0.19462709315121174,0.004457376926116496,0.9351191110908985,0.1870238222181797,0.0007305618055397645,14.286282400641069
attention_microbench,cross,bert_base,768,12,12,64,1,3072,1,256,256,256,attention_microbench,256,5,float16,cuda,cross_attn.weighted_sum,5,0.1622170675545931,0.15606614761054516,0.16957102343440056,0.005636771091133067,0.8110853377729654,0.1622170675545931,0.0006336604201351292,12.39135640477524
