architecture,model_family,shape_name,d_model,num_heads,num_kv_heads,head_dim,num_layers,d_ff,batch_size,seq_len,encoder_seq_len,decoder_seq_len,phase,phase_tokens,timed_repeats,dtype,device,operation_key,count,avg_ms,min_ms,max_ms,std_ms,total_ms,avg_total_ms_per_repeat,avg_total_ms_per_token,pct_total
attention_microbench,cross,gpt2_medium,1024,16,16,64,1,4096,1,1024,1024,1024,attention_microbench,1024,5,float16,cuda,cross_attn.k_proj,5,0.6366223096847534,0.6196559406816959,0.6849358323961496,0.024455780615080077,3.183111548423767,0.6366223096847534,0.000621701474301517,7.938245363814588
attention_microbench,cross,gpt2_medium,1024,16,16,64,1,4096,1,1024,1024,1024,attention_microbench,1024,5,float16,cuda,cross_attn.matmul_qk,5,3.1552013475447893,3.144647926092148,3.1721361447125673,0.009705424157323617,15.776006737723947,3.1552013475447893,0.0030812513159617083,39.343205677871666
attention_microbench,cross,gpt2_medium,1024,16,16,64,1,4096,1,1024,1024,1024,attention_microbench,1024,5,float16,cuda,cross_attn.out_projection,5,0.6290895864367485,0.6221199873834848,0.6361999548971653,0.005674883522302038,3.1454479321837425,0.6290895864367485,0.0006143452992546372,7.844317450056768
attention_microbench,cross,gpt2_medium,1024,16,16,64,1,4096,1,1024,1024,1024,attention_microbench,1024,5,float16,cuda,cross_attn.q_proj,5,0.6185743492096663,0.6068558432161808,0.626920023933053,0.006691417220590999,3.0928717460483313,0.6185743492096663,0.0006040765129000647,7.713199624153635
attention_microbench,cross,gpt2_medium,1024,16,16,64,1,4096,1,1024,1024,1024,attention_microbench,1024,5,float16,cuda,cross_attn.softmax,5,1.4343478716909885,1.4287219382822514,1.4446261338889599,0.0059765927062350906,7.171739358454943,1.4343478716909885,0.001400730343448231,17.885338244251294
attention_microbench,cross,gpt2_medium,1024,16,16,64,1,4096,1,1024,1024,1024,attention_microbench,1024,5,float16,cuda,cross_attn.v_proj,5,0.6241295486688614,0.6078479345887899,0.6328078452497721,0.00923752671404713,3.120647743344307,0.6241295486688614,0.000609501512371935,7.7824691669911426
attention_microbench,cross,gpt2_medium,1024,16,16,64,1,4096,1,1024,1024,1024,attention_microbench,1024,5,float16,cuda,cross_attn.weighted_sum,5,0.921720452606678,0.9139310568571091,0.928620109334588,0.005116951280969687,4.60860226303339,0.921720452606678,0.000900117629498709,11.49322447286091
