architecture,model_family,shape_name,d_model,num_heads,num_kv_heads,head_dim,num_layers,d_ff,batch_size,seq_len,encoder_seq_len,decoder_seq_len,dtype,device,operation_key,count,avg_ms,min_ms,max_ms,std_ms,total_ms,pct_total
attention_microbench,cross,bert_large,1024,16,16,64,1,4096,1,2048,2048,2048,float16,cuda,cross_attn.k_proj,5,0.4977413918823004,0.4285699687898159,0.7009620312601328,0.10346244335533786,2.488706959411502,2.328462006418141
attention_microbench,cross,bert_large,1024,16,16,64,1,4096,1,2048,2048,2048,float16,cuda,cross_attn.matmul_qk,5,5.988198611885309,5.235087824985385,8.971652016043663,1.491735360226182,29.940993059426546,28.013127262596495
attention_microbench,cross,bert_large,1024,16,16,64,1,4096,1,2048,2048,2048,float16,cuda,cross_attn.out_projection,5,0.461040623486042,0.4518311470746994,0.47464598901569843,0.009696129596116595,2.30520311743021,2.156773763867385
attention_microbench,cross,bert_large,1024,16,16,64,1,4096,1,2048,2048,2048,float16,cuda,cross_attn.q_proj,5,0.4867792595177889,0.4229710903018713,0.6990740075707436,0.10654710955013091,2.4338962975889444,2.277180539503034
attention_microbench,cross,bert_large,1024,16,16,64,1,4096,1,2048,2048,2048,float16,cuda,cross_attn.softmax,5,12.038657022640109,10.530713945627213,18.06051004678011,3.0109268350929828,60.193285113200545,56.31750933855423
attention_microbench,cross,bert_large,1024,16,16,64,1,4096,1,2048,2048,2048,float16,cuda,cross_attn.v_proj,5,0.4811797756701708,0.4237378016114235,0.6765159778296947,0.09777297407225453,2.405898878350854,2.250985841598918
attention_microbench,cross,bert_large,1024,16,16,64,1,4096,1,2048,2048,2048,float16,cuda,cross_attn.weighted_sum,5,1.4228050131350756,1.417890889570117,1.4296011067926884,0.0043641364142722626,7.114025065675378,6.655961247461798
