architecture,model_family,shape_name,d_model,num_heads,num_kv_heads,head_dim,num_layers,d_ff,batch_size,seq_len,encoder_seq_len,decoder_seq_len,dtype,device,operation_key,count,avg_ms,min_ms,max_ms,std_ms,total_ms,pct_total
attention_microbench,cross,t5_base,768,12,12,64,1,3072,1,4096,4096,4096,float16,cuda,cross_attn.k_proj,5,0.46496535651385784,0.45129586942493916,0.48121390864253044,0.010257704447959136,2.324826782569289,1.1975846904379845
attention_microbench,cross,t5_base,768,12,12,64,1,3072,1,4096,4096,4096,float16,cuda,cross_attn.matmul_qk,5,12.110268324613571,10.809572879225016,13.11987405642867,0.9888213502942149,60.551341623067856,31.191725876938584
attention_microbench,cross,t5_base,768,12,12,64,1,3072,1,4096,4096,4096,float16,cuda,cross_attn.out_projection,5,0.5756588652729988,0.4912940785288811,0.6825120653957129,0.08454484158308265,2.878294326364994,1.4826916334901155
attention_microbench,cross,t5_base,768,12,12,64,1,3072,1,4096,4096,4096,float16,cuda,cross_attn.q_proj,5,0.460127554833889,0.4487999249249697,0.47727907076478004,0.011142911830545296,2.300637774169445,1.185124241189153
attention_microbench,cross,t5_base,768,12,12,64,1,3072,1,4096,4096,4096,float16,cuda,cross_attn.softmax,5,21.369588654488325,20.48668102361262,22.550216177478433,0.9245621271922726,106.84794327244163,55.040427969626
attention_microbench,cross,t5_base,768,12,12,64,1,3072,1,4096,4096,4096,float16,cuda,cross_attn.v_proj,5,0.45927613973617554,0.44783996418118477,0.4670070484280586,0.007024936246876626,2.2963806986808777,1.1829312999905348
attention_microbench,cross,t5_base,768,12,12,64,1,3072,1,4096,4096,4096,float16,cuda,cross_attn.weighted_sum,5,3.3853739965707064,2.9811980202794075,3.8115070201456547,0.3500535704546255,16.926869982853532,8.719514288327625
