architecture,model_family,shape_name,d_model,num_heads,num_kv_heads,head_dim,num_layers,d_ff,batch_size,seq_len,encoder_seq_len,decoder_seq_len,phase,phase_tokens,timed_repeats,dtype,device,operation_key,count,avg_ms,min_ms,max_ms,std_ms,total_ms,avg_total_ms_per_repeat,avg_total_ms_per_token,pct_total
attention_microbench,cross,bert_base,768,12,12,64,1,3072,1,2048,2048,2048,attention_microbench,2048,5,float16,cuda,cross_attn.k_proj,5,0.4531076177954674,0.3714619670063257,0.5225040949881077,0.06122879391869304,2.265538088977337,0.4531076177954674,0.00022124395400169306,2.325621359280987
attention_microbench,cross,bert_base,768,12,12,64,1,3072,1,2048,2048,2048,attention_microbench,2048,5,float16,cuda,cross_attn.matmul_qk,5,5.62179759144783,3.916025161743164,6.802051793783903,1.3921672166213344,28.10898795723915,5.62179759144783,0.002745018355199136,28.854453208789703
attention_microbench,cross,bert_base,768,12,12,64,1,3072,1,2048,2048,2048,attention_microbench,2048,5,float16,cuda,cross_attn.out_projection,5,0.4334523808211088,0.34928484819829464,0.5266629159450531,0.07278602842127803,2.167261904105544,0.4334523808211088,0.00021164667032280704,2.2247388379239275
attention_microbench,cross,bert_base,768,12,12,64,1,3072,1,2048,2048,2048,attention_microbench,2048,5,float16,cuda,cross_attn.q_proj,5,0.4751878324896097,0.38109300658106804,0.537096057087183,0.05483704835227117,2.3759391624480486,0.4751878324896097,0.00023202530883281725,2.43895032770585
attention_microbench,cross,bert_base,768,12,12,64,1,3072,1,2048,2048,2048,attention_microbench,2048,5,float16,cuda,cross_attn.softmax,5,10.7096157502383,7.8243708703666925,14.729463029652834,3.261578985961606,53.5480787511915,10.7096157502383,0.005229304565546045,54.968202167126336
attention_microbench,cross,bert_base,768,12,12,64,1,3072,1,2048,2048,2048,attention_microbench,2048,5,float16,cuda,cross_attn.v_proj,5,0.451884837821126,0.3680370282381773,0.5117841064929962,0.06795893732055912,2.25942418910563,0.451884837821126,0.00022064689346734667,2.319345315545803
attention_microbench,cross,bert_base,768,12,12,64,1,3072,1,2048,2048,2048,attention_microbench,2048,5,float16,cuda,cross_attn.weighted_sum,5,1.3382467441260815,1.12439994700253,1.6627130098640919,0.25489657318213493,6.691233720630407,1.3382467441260815,0.0006534407930303132,6.868688783627389
