architecture,model_family,shape_name,d_model,num_heads,num_kv_heads,head_dim,num_layers,d_ff,batch_size,seq_len,encoder_seq_len,decoder_seq_len,phase,phase_tokens,timed_repeats,dtype,device,operation_key,count,avg_ms,min_ms,max_ms,std_ms,total_ms,avg_total_ms_per_repeat,avg_total_ms_per_token,pct_total
attention_microbench,cross,bart_large,1024,16,16,64,1,4096,1,1024,1024,1024,attention_microbench,1024,5,float16,cuda,cross_attn.k_proj,5,0.6179249845445156,0.5993971135467291,0.6370609626173973,0.012138988514573746,3.089624922722578,0.6179249845445156,0.0006034423677192535,7.746788112956695
attention_microbench,cross,bart_large,1024,16,16,64,1,4096,1,1024,1024,1024,attention_microbench,1024,5,float16,cuda,cross_attn.matmul_qk,5,3.1485116109251976,3.1249530147761106,3.1725370790809393,0.0162080816314954,15.742558054625988,3.1485116109251976,0.0030747183700441383,39.472189879165384
attention_microbench,cross,bart_large,1024,16,16,64,1,4096,1,1024,1024,1024,attention_microbench,1024,5,float16,cuda,cross_attn.out_projection,5,0.622264202684164,0.6046770140528679,0.6388528272509575,0.01108643455209164,3.1113210134208202,0.622264202684164,0.000607679885433754,7.801187925789208
attention_microbench,cross,bart_large,1024,16,16,64,1,4096,1,1024,1024,1024,attention_microbench,1024,5,float16,cuda,cross_attn.q_proj,5,0.6104622036218643,0.5857970099896193,0.646532978862524,0.02069957149008005,3.0523110181093216,0.6104622036218643,0.0005961544957244769,7.653228888152394
attention_microbench,cross,bart_large,1024,16,16,64,1,4096,1,1024,1024,1024,attention_microbench,1024,5,float16,cuda,cross_attn.softmax,5,1.4336179941892624,1.4277559239417315,1.4395639300346375,0.004960547669116252,7.168089970946312,1.4336179941892624,0.0014000175724504516,17.972949975623006
attention_microbench,cross,bart_large,1024,16,16,64,1,4096,1,1024,1024,1024,attention_microbench,1024,5,float16,cuda,cross_attn.v_proj,5,0.6262708455324173,0.6023410242050886,0.662502134218812,0.019735686047772167,3.1313542276620865,0.6262708455324173,0.0006115926225902513,7.851418316153809
attention_microbench,cross,bart_large,1024,16,16,64,1,4096,1,1024,1024,1024,attention_microbench,1024,5,float16,cuda,cross_attn.weighted_sum,5,0.9174795355647802,0.9053507819771767,0.9356869850307703,0.011312192203067822,4.587397677823901,0.9174795355647802,0.0008959761089499807,11.502236902159504
