architecture,model_family,shape_name,d_model,num_heads,num_kv_heads,head_dim,num_layers,d_ff,batch_size,seq_len,encoder_seq_len,decoder_seq_len,phase,phase_tokens,timed_repeats,dtype,device,operation_key,count,avg_ms,min_ms,max_ms,std_ms,total_ms,avg_total_ms_per_repeat,avg_total_ms_per_token,pct_total
attention_microbench,cross,gpt3_2p7b,2560,32,32,80,1,10240,1,2048,2048,2048,attention_microbench,2048,5,float16,cuda,cross_attn.k_proj,5,2.011761022731662,1.6594429034739733,2.540478017181158,0.2969540882757539,10.058805113658309,2.011761022731662,0.0009823051868806942,4.199473380475105
attention_microbench,cross,gpt3_2p7b,2560,32,32,80,1,10240,1,2048,2048,2048,attention_microbench,2048,5,float16,cuda,cross_attn.matmul_qk,5,8.702231710776687,8.211070904508233,9.856689954176545,0.587067691562011,43.51115855388343,8.702231710776687,0.004249136577527679,18.165572355363974
attention_microbench,cross,gpt3_2p7b,2560,32,32,80,1,10240,1,2048,2048,2048,attention_microbench,2048,5,float16,cuda,cross_attn.out_projection,5,1.8499734345823526,1.590193947777152,2.314330078661442,0.2617451458454916,9.249867172911763,1.8499734345823526,0.0009033073411046644,3.8617480432967644
attention_microbench,cross,gpt3_2p7b,2560,32,32,80,1,10240,1,2048,2048,2048,attention_microbench,2048,5,float16,cuda,cross_attn.q_proj,5,1.878293789923191,1.5809470787644386,2.359354868531227,0.2575962857481011,9.391468949615955,1.878293789923191,0.0009171356396109331,3.9208656904902455
attention_microbench,cross,gpt3_2p7b,2560,32,32,80,1,10240,1,2048,2048,2048,attention_microbench,2048,5,float16,cuda,cross_attn.softmax,5,28.678494784981012,26.854678988456726,31.87585691921413,2.03882050007372,143.39247392490506,28.678494784981012,0.01400317128172901,59.865249441054516
attention_microbench,cross,gpt3_2p7b,2560,32,32,80,1,10240,1,2048,2048,2048,attention_microbench,2048,5,float16,cuda,cross_attn.v_proj,5,1.868021348491311,1.590193947777152,2.2793218959122896,0.22485557279789412,9.340106742456555,1.868021348491311,0.000912119799068023,3.899422366030617
attention_microbench,cross,gpt3_2p7b,2560,32,32,80,1,10240,1,2048,2048,2048,attention_microbench,2048,5,float16,cuda,cross_attn.weighted_sum,5,2.9163024853914976,2.673534909263253,3.3158462028950453,0.21300734178451522,14.581512426957488,2.9163024853914976,0.0014239758229450672,6.087668723288778
