architecture,model_family,shape_name,d_model,num_heads,num_kv_heads,head_dim,num_layers,d_ff,batch_size,seq_len,encoder_seq_len,decoder_seq_len,phase,phase_tokens,timed_repeats,dtype,device,operation_key,count,avg_ms,min_ms,max_ms,std_ms,total_ms,avg_total_ms_per_repeat,avg_total_ms_per_token,pct_total
attention_microbench,cross,t5_base,768,12,12,64,1,3072,1,128,128,128,attention_microbench,128,5,float16,cuda,cross_attn.k_proj,5,0.18409774638712406,0.18221000209450722,0.1881290227174759,0.0021219123349049776,0.9204887319356203,0.18409774638712406,0.0014382636436494067,15.119813654819003
attention_microbench,cross,t5_base,768,12,12,64,1,3072,1,128,128,128,attention_microbench,128,5,float16,cuda,cross_attn.matmul_qk,5,0.24276073090732098,0.2351070288568735,0.25203381665050983,0.007445349961728366,1.2138036545366049,0.24276073090732098,0.0018965682102134451,19.93776179262926
attention_microbench,cross,t5_base,768,12,12,64,1,3072,1,128,128,128,attention_microbench,128,5,float16,cuda,cross_attn.out_projection,5,0.1569744199514389,0.1519049983471632,0.16467389650642872,0.004610323103685329,0.7848720997571945,0.1569744199514389,0.0012263626558706164,12.89219463473594
attention_microbench,cross,t5_base,768,12,12,64,1,3072,1,128,128,128,attention_microbench,128,5,float16,cuda,cross_attn.q_proj,5,0.1860947348177433,0.18166587688028812,0.19542593508958817,0.004966532986157143,0.9304736740887165,0.1860947348177433,0.0014538651157636195,15.283824858292943
attention_microbench,cross,t5_base,768,12,12,64,1,3072,1,128,128,128,attention_microbench,128,5,float16,cuda,cross_attn.softmax,5,0.09741527028381824,0.0926090870052576,0.10243314318358898,0.0036181785553287085,0.4870763514190912,0.09741527028381824,0.00076105679909233,8.000645106909221
attention_microbench,cross,t5_base,768,12,12,64,1,3072,1,128,128,128,attention_microbench,128,5,float16,cuda,cross_attn.v_proj,5,0.18820660188794136,0.18080207519233227,0.19440101459622383,0.005317237187325541,0.9410330094397068,0.18820660188794136,0.0014703640772495419,15.457270960658574
attention_microbench,cross,t5_base,768,12,12,64,1,3072,1,128,128,128,attention_microbench,128,5,float16,cuda,cross_attn.weighted_sum,5,0.16204318962991238,0.15939399600028992,0.16614608466625214,0.002380895043641786,0.8102159481495619,0.16204318962991238,0.0012659624189836904,13.308488991955056
