architecture,model_family,shape_name,d_model,num_heads,num_kv_heads,head_dim,num_layers,d_ff,batch_size,seq_len,encoder_seq_len,decoder_seq_len,dtype,device,operation_key,count,avg_ms,min_ms,max_ms,std_ms,total_ms,pct_total
attention_microbench,cross,t5_large,1024,16,16,64,1,4096,1,4096,4096,4096,float16,cuda,cross_attn.k_proj,5,0.9016096126288176,0.8542139548808336,0.9240659419447184,0.02479110457518547,4.508048063144088,1.6632898900046382
attention_microbench,cross,t5_large,1024,16,16,64,1,4096,1,4096,4096,4096,float16,cuda,cross_attn.matmul_qk,5,16.576317185536027,14.456013916060328,17.118680058047175,1.060195299863074,82.88158592768013,30.579998706782835
attention_microbench,cross,t5_large,1024,16,16,64,1,4096,1,4096,4096,4096,float16,cuda,cross_attn.out_projection,5,0.8980256505310535,0.8676210418343544,0.91747404076159,0.018869216859550123,4.490128252655268,1.6566781948320572
attention_microbench,cross,t5_large,1024,16,16,64,1,4096,1,4096,4096,4096,float16,cuda,cross_attn.q_proj,5,0.9013853501528502,0.8589178323745728,0.9534070268273354,0.03059411658794419,4.506926750764251,1.6628761704704196
attention_microbench,cross,t5_large,1024,16,16,64,1,4096,1,4096,4096,4096,float16,cuda,cross_attn.softmax,5,29.281914373859763,27.489563915878534,30.218145111575723,1.119336617600571,146.40957186929882,54.01929111649063
attention_microbench,cross,t5_large,1024,16,16,64,1,4096,1,4096,4096,4096,float16,cuda,cross_attn.v_proj,5,0.9015006013214588,0.8913641795516014,0.9152658749371767,0.008232470353977613,4.507503006607294,1.6630887858871952
attention_microbench,cross,t5_large,1024,16,16,64,1,4096,1,4096,4096,4096,float16,cuda,cross_attn.weighted_sum,5,4.745649732649326,4.0464140474796295,5.214429926127195,0.5553002367373948,23.72824866324663,8.754777135532226
