architecture,model_family,shape_name,d_model,num_heads,num_kv_heads,head_dim,num_layers,d_ff,batch_size,seq_len,encoder_seq_len,decoder_seq_len,dtype,device,operation_key,count,avg_ms,min_ms,max_ms,std_ms,total_ms,pct_total
attention_microbench,cross,t5_large,1024,16,16,64,1,4096,1,1024,1024,1024,float16,cuda,cross_attn.k_proj,5,0.621531717479229,0.6111578550189734,0.6375238299369812,0.01058565006145426,3.107658587396145,7.761458357459551
attention_microbench,cross,t5_large,1024,16,16,64,1,4096,1,1024,1024,1024,float16,cuda,cross_attn.matmul_qk,5,3.1569292303174734,3.1394651159644127,3.175462828949094,0.011736959470745373,15.784646151587367,39.42256536469476
attention_microbench,cross,t5_large,1024,16,16,64,1,4096,1,1024,1024,1024,float16,cuda,cross_attn.out_projection,5,0.6291791796684265,0.6186140235513449,0.6396358367055655,0.008646074502798381,3.1458958983421326,7.856957038624904
attention_microbench,cross,t5_large,1024,16,16,64,1,4096,1,1024,1024,1024,float16,cuda,cross_attn.q_proj,5,0.6228691898286343,0.6127578672021627,0.632148003205657,0.007124789219013665,3.1143459491431713,7.77816021780268
attention_microbench,cross,t5_large,1024,16,16,64,1,4096,1,1024,1024,1024,float16,cuda,cross_attn.softmax,5,1.4339432120323181,1.4294059947133064,1.4398049097508192,0.004305550836885982,7.169716060161591,17.906552818074914
attention_microbench,cross,t5_large,1024,16,16,64,1,4096,1,1024,1024,1024,float16,cuda,cross_attn.v_proj,5,0.6199768278747797,0.6002471782267094,0.633300980553031,0.0113192162153008,3.0998841393738985,7.742041470797153
attention_microbench,cross,t5_large,1024,16,16,64,1,4096,1,1024,1024,1024,float16,cuda,cross_attn.weighted_sum,5,0.9234950412064791,0.9169289842247963,0.9355840738862753,0.006827176391917367,4.617475206032395,11.532264732546038
