architecture,model_family,shape_name,d_model,num_heads,num_kv_heads,head_dim,num_layers,d_ff,batch_size,seq_len,encoder_seq_len,decoder_seq_len,phase,phase_tokens,timed_repeats,dtype,device,operation_key,count,avg_ms,min_ms,max_ms,std_ms,total_ms,avg_total_ms_per_repeat,avg_total_ms_per_token,pct_total
attention_microbench,cross,t5_large,1024,16,16,64,1,4096,1,4096,4096,4096,attention_microbench,4096,5,float16,cuda,cross_attn.k_proj,5,0.7888196036219597,0.6873658858239651,0.9238158818334341,0.10541698759456566,3.9440980181097984,0.7888196036219597,0.0001925829110405175,1.4258246218709345
attention_microbench,cross,t5_large,1024,16,16,64,1,4096,1,4096,4096,4096,attention_microbench,4096,5,float16,cuda,cross_attn.matmul_qk,5,16.865999018773437,16.684334026649594,17.003345070406795,0.10904190413275525,84.32999509386718,16.865999018773437,0.0041176755416927335,30.486002836388842
attention_microbench,cross,t5_large,1024,16,16,64,1,4096,1,4096,4096,4096,attention_microbench,4096,5,float16,cuda,cross_attn.out_projection,5,0.829280586913228,0.6881339941173792,0.9328399319201708,0.10965838616130152,4.14640293456614,0.829280586913228,0.0002024610807893623,1.498959551501115
attention_microbench,cross,t5_large,1024,16,16,64,1,4096,1,4096,4096,4096,attention_microbench,4096,5,float16,cuda,cross_attn.q_proj,5,0.7677762303501368,0.678342068567872,0.8929681498557329,0.10135672404281204,3.838881151750684,0.7677762303501368,0.00018744536873782636,1.3877878393158125
attention_microbench,cross,t5_large,1024,16,16,64,1,4096,1,4096,4096,4096,attention_microbench,4096,5,float16,cuda,cross_attn.softmax,5,30.13419513590634,30.082016019150615,30.17151984386146,0.03068345377725409,150.6709756795317,30.13419513590634,0.0073569812343521335,54.468825556254835
attention_microbench,cross,t5_large,1024,16,16,64,1,4096,1,4096,4096,4096,attention_microbench,4096,5,float16,cuda,cross_attn.v_proj,5,0.7836228236556053,0.6827260367572308,0.9411601349711418,0.11467513151943859,3.9181141182780266,0.7836228236556053,0.00019131416593154427,1.4164312234355365
attention_microbench,cross,t5_large,1024,16,16,64,1,4096,1,4096,4096,4096,attention_microbench,4096,5,float16,cuda,cross_attn.weighted_sum,5,5.154053401201963,5.02241007052362,5.283756880089641,0.10371042219366255,25.770267006009817,5.154053401201963,0.001258313818652823,9.316168371232925
