architecture,model_family,shape_name,d_model,num_heads,num_kv_heads,head_dim,num_layers,d_ff,batch_size,seq_len,encoder_seq_len,decoder_seq_len,dtype,device,operation_key,count,avg_ms,min_ms,max_ms,std_ms,total_ms,pct_total
attention_microbench,cross,llama_7b,4096,32,32,128,1,11008,1,8192,8192,8192,float16,cuda,cross_attn.k_proj,5,15.057184640318155,15.004439046606421,15.102544100955129,0.03139413618219175,75.28592320159078,4.315499877450099
attention_microbench,cross,llama_7b,4096,32,32,128,1,11008,1,8192,8192,8192,float16,cuda,cross_attn.matmul_qk,5,116.88065738417208,116.69994983822107,116.97926791384816,0.10110066282433185,584.4032869208604,33.498856171761986
attention_microbench,cross,llama_7b,4096,32,32,128,1,11008,1,8192,8192,8192,float16,cuda,cross_attn.out_projection,5,14.82740337960422,14.762697974219918,14.886528020724654,0.04487135464743664,74.1370168980211,4.2496428778755515
attention_microbench,cross,llama_7b,4096,32,32,128,1,11008,1,8192,8192,8192,float16,cuda,cross_attn.q_proj,5,14.979411289095879,14.946812065318227,15.004055108875036,0.01871274510825478,74.8970564454794,4.293209462894784
attention_microbench,cross,llama_7b,4096,32,32,128,1,11008,1,8192,8192,8192,float16,cuda,cross_attn.softmax,5,135.80961260013282,135.44097892008722,136.06112613342702,0.20208147167785945,679.0480630006641,38.92403397664882
attention_microbench,cross,llama_7b,4096,32,32,128,1,11008,1,8192,8192,8192,float16,cuda,cross_attn.v_proj,5,14.899218827486038,14.702668879181147,15.064117033034563,0.11709040682150736,74.49609413743019,4.270225713507596
attention_microbench,cross,llama_7b,4096,32,32,128,1,11008,1,8192,8192,8192,float16,cuda,cross_attn.weighted_sum,5,36.45590981468558,36.040376871824265,36.73763806000352,0.25872570341168816,182.27954907342792,10.448531919861164
