architecture,model_family,shape_name,d_model,num_heads,num_kv_heads,head_dim,num_layers,d_ff,batch_size,seq_len,encoder_seq_len,decoder_seq_len,dtype,device,operation_key,count,avg_ms,min_ms,max_ms,std_ms,total_ms,pct_total
attention_microbench,cross,bart_large,1024,16,16,64,1,4096,1,1024,1024,1024,float16,cuda,cross_attn.k_proj,5,0.6315423641353846,0.5992238875478506,0.6853949744254351,0.02993497924659862,3.157711820676923,7.907964385501897
attention_microbench,cross,bart_large,1024,16,16,64,1,4096,1,1024,1024,1024,float16,cuda,cross_attn.matmul_qk,5,3.1574436463415623,3.1364979222416878,3.1867341604083776,0.017092897754043167,15.787218231707811,39.5364639372723
attention_microbench,cross,bart_large,1024,16,16,64,1,4096,1,1024,1024,1024,float16,cuda,cross_attn.out_projection,5,0.6184425670653582,0.6098160520195961,0.6283428519964218,0.007164285878486426,3.092212835326791,7.743933063820263
attention_microbench,cross,bart_large,1024,16,16,64,1,4096,1,1024,1024,1024,float16,cuda,cross_attn.q_proj,5,0.6157226394861937,0.6028080824762583,0.6273190956562757,0.008269116790463254,3.0786131974309683,7.709875031218406
attention_microbench,cross,bart_large,1024,16,16,64,1,4096,1,1024,1024,1024,float16,cuda,cross_attn.softmax,5,1.4298449736088514,1.4207379426807165,1.4367050025612116,0.005326477960581924,7.149224868044257,17.904045350255817
attention_microbench,cross,bart_large,1024,16,16,64,1,4096,1,1024,1024,1024,float16,cuda,cross_attn.v_proj,5,0.6134316325187683,0.607192050665617,0.6272869650274515,0.0073530706305873815,3.0671581625938416,7.6811878005048495
attention_microbench,cross,bart_large,1024,16,16,64,1,4096,1,1024,1024,1024,float16,cuda,cross_attn.weighted_sum,5,0.9197280742228031,0.9126760996878147,0.9296019561588764,0.005881915101354358,4.598640371114016,11.51653043142647
