architecture,model_family,shape_name,d_model,num_heads,num_kv_heads,head_dim,num_layers,d_ff,batch_size,seq_len,encoder_seq_len,decoder_seq_len,phase,phase_tokens,timed_repeats,dtype,device,operation_key,count,avg_ms,min_ms,max_ms,std_ms,total_ms,avg_total_ms_per_repeat,avg_total_ms_per_token,pct_total
attention_microbench,cross,llama_7b,4096,32,32,128,1,11008,1,1024,1024,1024,attention_microbench,1024,5,float16,cuda,cross_attn.k_proj,5,2.658741408959031,2.0678930450230837,4.960180027410388,1.1507763895539764,13.293707044795156,2.658741408959031,0.002596427157186554,17.488495661136934
attention_microbench,cross,llama_7b,4096,32,32,128,1,11008,1,1024,1024,1024,attention_microbench,1024,5,float16,cuda,cross_attn.matmul_qk,5,2.9156720265746117,2.598427003249526,4.135787021368742,0.6101186063124373,14.578360132873058,2.9156720265746117,0.002847335963451769,19.178517103704593
attention_microbench,cross,llama_7b,4096,32,32,128,1,11008,1,1024,1024,1024,attention_microbench,1024,5,float16,cuda,cross_attn.out_projection,5,2.082792855799198,2.0667731296271086,2.091828966513276,0.008727305883201844,10.41396427899599,2.082792855799198,0.0020339773982414044,13.700058869565888
attention_microbench,cross,llama_7b,4096,32,32,128,1,11008,1,1024,1024,1024,attention_microbench,1024,5,float16,cuda,cross_attn.q_proj,5,2.677448559552431,2.073845127597451,4.891891032457352,1.1091337122185123,13.387242797762156,2.677448559552431,0.002614695858937921,17.611546334994305
attention_microbench,cross,llama_7b,4096,32,32,128,1,11008,1,1024,1024,1024,attention_microbench,1024,5,float16,cuda,cross_attn.softmax,5,1.2955269776284695,1.226956956088543,1.535343937575817,0.12011048566928888,6.477634888142347,1.2955269776284695,0.0012651630640903022,8.521632773610762
attention_microbench,cross,llama_7b,4096,32,32,128,1,11008,1,1024,1024,1024,attention_microbench,1024,5,float16,cuda,cross_attn.v_proj,5,2.6478232350200415,2.0660380832850933,4.919923841953278,1.1361690957759527,13.239116175100207,2.6478232350200415,0.0025857648779492592,17.416678809405454
attention_microbench,cross,llama_7b,4096,32,32,128,1,11008,1,1024,1024,1024,attention_microbench,1024,5,float16,cuda,cross_attn.weighted_sum,5,0.9247971698641777,0.9191459976136684,0.93120988458395,0.0043953397217049855,4.6239858493208885,0.9247971698641777,0.000903122236195486,6.083070447582067
