architecture,model_family,shape_name,d_model,num_heads,num_kv_heads,head_dim,num_layers,d_ff,batch_size,seq_len,encoder_seq_len,decoder_seq_len,phase,phase_tokens,timed_repeats,dtype,device,operation_key,count,avg_ms,min_ms,max_ms,std_ms,total_ms,avg_total_ms_per_repeat,avg_total_ms_per_token,pct_total
attention_microbench,cross,bart_large,1024,16,16,64,1,4096,1,256,256,256,attention_microbench,256,5,float16,cuda,cross_attn.k_proj,5,0.24815560318529606,0.24192198179662228,0.25360193103551865,0.004536412791954384,1.2407780159264803,0.24815560318529606,0.0009693578249425627,15.31509778212906
attention_microbench,cross,bart_large,1024,16,16,64,1,4096,1,256,256,256,attention_microbench,256,5,float16,cuda,cross_attn.matmul_qk,5,0.31017218716442585,0.3079068847000599,0.31558703631162643,0.002855504647965569,1.5508609358221292,0.31017218716442585,0.0012116101061110385,19.142494929574447
attention_microbench,cross,bart_large,1024,16,16,64,1,4096,1,256,256,256,attention_microbench,256,5,float16,cuda,cross_attn.out_projection,5,0.2429204061627388,0.23680203594267368,0.2643859479576349,0.010749899359702626,1.214602030813694,0.2429204061627388,0.0009489078365731984,14.99200391167026
attention_microbench,cross,bart_large,1024,16,16,64,1,4096,1,256,256,256,attention_microbench,256,5,float16,cuda,cross_attn.q_proj,5,0.24938439019024372,0.242945970967412,0.2600979059934616,0.005899479479848602,1.2469219509512186,0.24938439019024372,0.0009741577741806395,15.390933237354025
attention_microbench,cross,bart_large,1024,16,16,64,1,4096,1,256,256,256,attention_microbench,256,5,float16,cuda,cross_attn.softmax,5,0.15879161655902863,0.15235296450555325,0.16771303489804268,0.0052803828910850574,0.7939580827951431,0.15879161655902863,0.0006202797521837056,9.799936424437604
attention_microbench,cross,bart_large,1024,16,16,64,1,4096,1,256,256,256,attention_microbench,256,5,float16,cuda,cross_attn.v_proj,5,0.2453779336065054,0.24060998111963272,0.25190599262714386,0.004712885424376398,1.226889668032527,0.2453779336065054,0.0009585075531504117,15.143671948258769
attention_microbench,cross,bart_large,1024,16,16,64,1,4096,1,256,256,256,attention_microbench,256,5,float16,cuda,cross_attn.weighted_sum,5,0.16553099267184734,0.1610899344086647,0.17152214422821999,0.004349343139641176,0.8276549633592367,0.16553099267184734,0.0006466054401244037,10.215861766575836
