architecture,model_family,shape_name,d_model,num_heads,num_kv_heads,head_dim,num_layers,d_ff,batch_size,seq_len,encoder_seq_len,decoder_seq_len,phase,phase_tokens,timed_repeats,dtype,device,operation_key,count,avg_ms,min_ms,max_ms,std_ms,total_ms,avg_total_ms_per_repeat,avg_total_ms_per_token,pct_total
attention_microbench,cross,bert_base,768,12,12,64,1,3072,1,4096,4096,4096,attention_microbench,4096,5,float16,cuda,cross_attn.k_proj,5,0.4686209838837385,0.4608379676938057,0.477030873298645,0.006843966572627705,2.3431049194186926,0.4686209838837385,0.00011440941989349085,1.1425029650409153
attention_microbench,cross,bert_base,768,12,12,64,1,3072,1,4096,4096,4096,attention_microbench,4096,5,float16,cuda,cross_attn.matmul_qk,5,12.649725237861276,12.606550008058548,12.694936012849212,0.03450647058903012,63.24862618930638,12.649725237861276,0.0030883118256497255,30.84016526838868
attention_microbench,cross,bert_base,768,12,12,64,1,3072,1,4096,4096,4096,attention_microbench,4096,5,float16,cuda,cross_attn.out_projection,5,0.507412338629365,0.4978310316801071,0.5193359684199095,0.007096802246686415,2.537061693146825,0.507412338629365,0.0001238799654856848,1.2370767023232976
attention_microbench,cross,bert_base,768,12,12,64,1,3072,1,4096,4096,4096,attention_microbench,4096,5,float16,cuda,cross_attn.q_proj,5,0.4601858090609312,0.4528381396085024,0.4791109822690487,0.009690696215667339,2.300929045304656,0.4601858090609312,0.00011235005104026641,1.1219379187089593
attention_microbench,cross,bert_base,768,12,12,64,1,3072,1,4096,4096,4096,attention_microbench,4096,5,float16,cuda,cross_attn.softmax,5,22.65058057382703,22.55504601635039,22.775209974497557,0.08573330379924717,113.25290286913514,22.65058057382703,0.005529926897906989,55.22235741777148
attention_microbench,cross,bert_base,768,12,12,64,1,3072,1,4096,4096,4096,attention_microbench,4096,5,float16,cuda,cross_attn.v_proj,5,0.47321002930402756,0.45917415991425514,0.5033030174672604,0.015895164090721156,2.366050146520138,0.47321002930402756,0.0001155297923105536,1.1536911068008848
attention_microbench,cross,bert_base,768,12,12,64,1,3072,1,4096,4096,4096,attention_microbench,4096,5,float16,cuda,cross_attn.weighted_sum,5,3.8073125295341015,3.8001190405339003,3.8230950012803078,0.00827562255526882,19.036562647670507,3.8073125295341015,0.0009295196605307865,9.282268620965784
