architecture,model_family,shape_name,d_model,num_heads,num_kv_heads,head_dim,num_layers,d_ff,batch_size,seq_len,encoder_seq_len,decoder_seq_len,phase,phase_tokens,timed_repeats,dtype,device,operation_key,count,avg_ms,min_ms,max_ms,std_ms,total_ms,avg_total_ms_per_repeat,avg_total_ms_per_token,pct_total
attention_microbench,cross,gpt2_medium,1024,16,16,64,1,4096,1,4096,4096,4096,attention_microbench,4096,5,float16,cuda,cross_attn.k_proj,5,0.7223193999379873,0.6699280347675085,0.9078518487513065,0.09298280754528611,3.6115969996899366,0.7223193999379873,0.0001763475097504852,1.3202426072420486
attention_microbench,cross,gpt2_medium,1024,16,16,64,1,4096,1,4096,4096,4096,attention_microbench,4096,5,float16,cuda,cross_attn.matmul_qk,5,16.802525194361806,16.667502000927925,16.95662713609636,0.12607605431265861,84.01262597180903,16.802525194361806,0.004102179002529738,30.711357984790293
attention_microbench,cross,gpt2_medium,1024,16,16,64,1,4096,1,4096,4096,4096,attention_microbench,4096,5,float16,cuda,cross_attn.out_projection,5,0.684917438775301,0.6704090628772974,0.705864978954196,0.013499792916934058,3.424587193876505,0.684917438775301,0.00016721617157600122,1.251879965001469
attention_microbench,cross,gpt2_medium,1024,16,16,64,1,4096,1,4096,4096,4096,attention_microbench,4096,5,float16,cuda,cross_attn.q_proj,5,0.7121625356376171,0.6510477978736162,0.9008429478853941,0.0947475009205493,3.5608126781880856,0.7121625356376171,0.00017386780655215262,1.301678070547512
attention_microbench,cross,gpt2_medium,1024,16,16,64,1,4096,1,4096,4096,4096,attention_microbench,4096,5,float16,cuda,cross_attn.softmax,5,30.141737451776862,30.012597097083926,30.25349508970976,0.1054244076961608,150.7086872588843,30.141737451776862,0.0073588226200627105,55.092533917205635
attention_microbench,cross,gpt2_medium,1024,16,16,64,1,4096,1,4096,4096,4096,attention_microbench,4096,5,float16,cuda,cross_attn.v_proj,5,0.7162264548242092,0.6623128429055214,0.9044271428138018,0.09425147535175767,3.581132274121046,0.7162264548242092,0.0001748599743223167,1.3091060300665114
attention_microbench,cross,gpt2_medium,1024,16,16,64,1,4096,1,4096,4096,4096,attention_microbench,4096,5,float16,cuda,cross_attn.weighted_sum,5,4.931222647428513,4.897051956504583,4.964766092598438,0.021543993061743823,24.656113237142563,4.931222647428513,0.0012039117791573517,9.013201425146534
