architecture,model_family,shape_name,d_model,num_heads,num_kv_heads,head_dim,num_layers,d_ff,batch_size,seq_len,encoder_seq_len,decoder_seq_len,phase,phase_tokens,timed_repeats,dtype,device,operation_key,count,avg_ms,min_ms,max_ms,std_ms,total_ms,avg_total_ms_per_repeat,avg_total_ms_per_token,pct_total
attention_microbench,cross,t5_base,768,12,12,64,1,3072,1,1024,1024,1024,attention_microbench,1024,5,float16,cuda,cross_attn.k_proj,5,0.37460867315530777,0.3615720197558403,0.3873321693390608,0.010286233314396934,1.8730433657765388,0.37460867315530777,0.00036582878237823024,6.525325416198708
attention_microbench,cross,t5_base,768,12,12,64,1,3072,1,1024,1024,1024,attention_microbench,1024,5,float16,cuda,cross_attn.matmul_qk,5,2.4025955703109503,2.3804069496691227,2.415222814306617,0.012019042671280235,12.012977851554751,2.4025955703109503,0.0023462847366317874,41.85092087629455
attention_microbench,cross,t5_base,768,12,12,64,1,3072,1,1024,1024,1024,attention_microbench,1024,5,float16,cuda,cross_attn.out_projection,5,0.39517842233181,0.37043611519038677,0.41625997982919216,0.014681248459942238,1.97589211165905,0.39517842233181,0.0003859164280584082,6.883630807196996
attention_microbench,cross,t5_base,768,12,12,64,1,3072,1,1024,1024,1024,attention_microbench,1024,5,float16,cuda,cross_attn.q_proj,5,0.3691751975566149,0.3496999852359295,0.40771602652966976,0.02017024428017032,1.8458759877830744,0.3691751975566149,0.0003605226538638817,6.430679459062134
attention_microbench,cross,t5_base,768,12,12,64,1,3072,1,1024,1024,1024,attention_microbench,1024,5,float16,cuda,cross_attn.softmax,5,1.1015533469617367,1.09213893301785,1.1099630501121283,0.006372574069610348,5.507766734808683,1.1015533469617367,0.001075735690392321,19.18800755915261
attention_microbench,cross,t5_base,768,12,12,64,1,3072,1,1024,1024,1024,attention_microbench,1024,5,float16,cuda,cross_attn.v_proj,5,0.3667423501610756,0.3456359263509512,0.38333097472786903,0.012559983569349138,1.833711750805378,0.3667423501610756,0.0003581468263291754,6.388301580274304
attention_microbench,cross,t5_base,768,12,12,64,1,3072,1,1024,1024,1024,attention_microbench,1024,5,float16,cuda,cross_attn.weighted_sum,5,0.730989221483469,0.7219261024147272,0.7420550100505352,0.007632286587521359,3.654946107417345,0.730989221483469,0.0007138566616049502,12.733134301820696
