architecture,model_family,shape_name,d_model,num_heads,num_kv_heads,head_dim,num_layers,d_ff,batch_size,seq_len,encoder_seq_len,decoder_seq_len,phase,phase_tokens,timed_repeats,dtype,device,operation_key,count,avg_ms,min_ms,max_ms,std_ms,total_ms,avg_total_ms_per_repeat,avg_total_ms_per_token,pct_total
attention_microbench,cross,gpt3_2p7b,2560,32,32,80,1,10240,1,512,512,512,attention_microbench,512,5,float16,cuda,cross_attn.k_proj,5,1.1073666159063578,1.0898050386458635,1.124461181461811,0.011026930649151613,5.536833079531789,1.1073666159063578,0.002162825421692105,15.266691130076449
attention_microbench,cross,gpt3_2p7b,2560,32,32,80,1,10240,1,512,512,512,attention_microbench,512,5,float16,cuda,cross_attn.matmul_qk,5,1.3569569680839777,1.337456051260233,1.3723678421229124,0.012682948909751359,6.7847848404198885,1.3569569680839777,0.002650306578289019,18.70766430102939
attention_microbench,cross,gpt3_2p7b,2560,32,32,80,1,10240,1,512,512,512,attention_microbench,512,5,float16,cuda,cross_attn.out_projection,5,1.1449736077338457,1.10193295404315,1.2139019090682268,0.04003755745764369,5.7248680386692286,1.1449736077338457,0.0022362765776051674,15.785159287157065
attention_microbench,cross,gpt3_2p7b,2560,32,32,80,1,10240,1,512,512,512,attention_microbench,512,5,float16,cuda,cross_attn.q_proj,5,1.0966083966195583,1.0800769086927176,1.1173898819833994,0.013985119156502239,5.483041983097792,1.0966083966195583,0.002141813274647575,15.118373121747501
attention_microbench,cross,gpt3_2p7b,2560,32,32,80,1,10240,1,512,512,512,attention_microbench,512,5,float16,cuda,cross_attn.softmax,5,0.7667803671211004,0.7605210412293673,0.77056884765625,0.0036929250660104884,3.833901835605502,0.7667803671211004,0.0014976179045333993,10.571204568834842
attention_microbench,cross,gpt3_2p7b,2560,32,32,80,1,10240,1,512,512,512,attention_microbench,512,5,float16,cuda,cross_attn.v_proj,5,1.1156484950333834,1.0979650542140007,1.1588300112634897,0.02229458662956729,5.578242475166917,1.1156484950333834,0.002179000966862077,15.380869116655393
attention_microbench,cross,gpt3_2p7b,2560,32,32,80,1,10240,1,512,512,512,attention_microbench,512,5,float16,cuda,cross_attn.weighted_sum,5,0.6651470437645912,0.634087948128581,0.7090640719980001,0.024826874001873774,3.325735218822956,0.6651470437645912,0.0012991153198527172,9.17003847449936
