architecture,model_family,shape_name,d_model,num_heads,num_kv_heads,head_dim,num_layers,d_ff,batch_size,seq_len,encoder_seq_len,decoder_seq_len,dtype,device,operation_key,count,avg_ms,min_ms,max_ms,std_ms,total_ms,pct_total
attention_microbench,cross,bert_large,1024,16,16,64,1,4096,1,512,512,512,float16,cuda,cross_attn.k_proj,5,0.34016785211861134,0.33174711279571056,0.35155192017555237,0.007433820953645164,1.7008392605930567,11.419731876186363
attention_microbench,cross,bert_large,1024,16,16,64,1,4096,1,512,512,512,float16,cuda,cross_attn.matmul_qk,5,0.8893410209566355,0.8843690156936646,0.8916000369936228,0.00257442320106619,4.446705104783177,29.85595476634682
attention_microbench,cross,bert_large,1024,16,16,64,1,4096,1,512,512,512,float16,cuda,cross_attn.out_projection,5,0.33589303493499756,0.3313941415399313,0.34624082036316395,0.005415470663409919,1.6794651746749878,11.276222529984059
attention_microbench,cross,bert_large,1024,16,16,64,1,4096,1,512,512,512,float16,cuda,cross_attn.q_proj,5,0.33588018268346786,0.3318740054965019,0.3400971181690693,0.0035164833466774046,1.6794009134173393,11.275791068675884
attention_microbench,cross,bert_large,1024,16,16,64,1,4096,1,512,512,512,float16,cuda,cross_attn.softmax,5,0.4073041956871748,0.40245987474918365,0.4150979220867157,0.004406863469890056,2.036520978435874,13.673557562316144
attention_microbench,cross,bert_large,1024,16,16,64,1,4096,1,512,512,512,float16,cuda,cross_attn.v_proj,5,0.33341022208333015,0.328961992636323,0.33881794661283493,0.0033742774439394917,1.6670511104166508,11.192872334225687
attention_microbench,cross,bert_large,1024,16,16,64,1,4096,1,512,512,512,float16,cuda,cross_attn.weighted_sum,5,0.3367761615663767,0.3316181246191263,0.34086592495441437,0.00392451790627329,1.6838808078318834,11.305869862265045
