architecture,model_family,shape_name,d_model,num_heads,num_kv_heads,head_dim,num_layers,d_ff,batch_size,seq_len,encoder_seq_len,decoder_seq_len,dtype,device,operation_key,count,avg_ms,min_ms,max_ms,std_ms,total_ms,pct_total
attention_microbench,cross,gpt2_medium,1024,16,16,64,1,4096,1,4096,4096,4096,float16,cuda,cross_attn.k_proj,5,0.7772210985422134,0.6781511474400759,0.9217460174113512,0.11407899732573913,3.886105492711067,1.4260730486265463
attention_microbench,cross,gpt2_medium,1024,16,16,64,1,4096,1,4096,4096,4096,float16,cuda,cross_attn.matmul_qk,5,17.02579753473401,16.907765995711088,17.203836934641004,0.11816024484460098,85.12898767367005,31.23954179987786
attention_microbench,cross,gpt2_medium,1024,16,16,64,1,4096,1,4096,4096,4096,float16,cuda,cross_attn.out_projection,5,0.7531462237238884,0.6816389504820108,0.9884291794151068,0.11794612547650171,3.765731118619442,1.3818996079005201
attention_microbench,cross,gpt2_medium,1024,16,16,64,1,4096,1,4096,4096,4096,float16,cuda,cross_attn.q_proj,5,0.783857423812151,0.6734151393175125,0.9061959572136402,0.10107992804069309,3.9192871190607548,1.438249615406743
attention_microbench,cross,gpt2_medium,1024,16,16,64,1,4096,1,4096,4096,4096,float16,cuda,cross_attn.softmax,5,29.608357790857553,28.357716975733638,30.04519105888903,0.6287875338885702,148.04178895428777,54.32647304458176
attention_microbench,cross,gpt2_medium,1024,16,16,64,1,4096,1,4096,4096,4096,float16,cuda,cross_attn.v_proj,5,0.7713212165981531,0.6725520361214876,0.9041479788720608,0.10697280075148347,3.8566060829907656,1.4152477343803378
attention_microbench,cross,gpt2_medium,1024,16,16,64,1,4096,1,4096,4096,4096,float16,cuda,cross_attn.weighted_sum,5,4.781090188771486,3.86610790155828,5.1827330607920885,0.4662879619151731,23.90545094385743,8.772515149226233
