architecture,model_family,shape_name,d_model,num_heads,num_kv_heads,head_dim,num_layers,d_ff,batch_size,seq_len,encoder_seq_len,decoder_seq_len,dtype,device,operation_key,count,avg_ms,min_ms,max_ms,std_ms,total_ms,pct_total
attention_microbench,cross,bert_base,768,12,12,64,1,3072,1,128,128,128,float16,cuda,cross_attn.k_proj,5,0.19301227293908596,0.18286309204995632,0.22493908181786537,0.0160390146654663,0.9650613646954298,15.542037824731825
attention_microbench,cross,bert_base,768,12,12,64,1,3072,1,128,128,128,float16,cuda,cross_attn.matmul_qk,5,0.2504402305930853,0.24122511968016624,0.26595895178616047,0.008902988355466308,1.2522011529654264,20.166342157634222
attention_microbench,cross,bert_base,768,12,12,64,1,3072,1,128,128,128,float16,cuda,cross_attn.out_projection,5,0.1593765802681446,0.15579303726553917,0.16436795704066753,0.002861953875534221,0.796882901340723,12.833571674924817
attention_microbench,cross,bert_base,768,12,12,64,1,3072,1,128,128,128,float16,cuda,cross_attn.q_proj,5,0.1866829115897417,0.17915084026753902,0.19639800302684307,0.005748003935558685,0.9334145579487085,15.032375034900063
attention_microbench,cross,bert_base,768,12,12,64,1,3072,1,128,128,128,float16,cuda,cross_attn.softmax,5,0.09859539568424225,0.0909990631043911,0.10837404988706112,0.006308752769694478,0.49297697842121124,7.93925352898417
attention_microbench,cross,bert_base,768,12,12,64,1,3072,1,128,128,128,float16,cuda,cross_attn.v_proj,5,0.18990198150277138,0.1823499333113432,0.1965260598808527,0.005561958822717463,0.9495099075138569,15.291586045614148
attention_microbench,cross,bert_base,768,12,12,64,1,3072,1,128,128,128,float16,cuda,cross_attn.weighted_sum,5,0.16386299394071102,0.1595050562173128,0.1683039590716362,0.0035034048579531984,0.8193149697035551,13.194833733210753
