architecture,model_family,shape_name,d_model,num_heads,num_kv_heads,head_dim,num_layers,d_ff,batch_size,seq_len,encoder_seq_len,decoder_seq_len,dtype,device,operation_key,count,avg_ms,min_ms,max_ms,std_ms,total_ms,pct_total
attention_microbench,cross,t5_large,1024,16,16,64,1,4096,1,128,128,128,float16,cuda,cross_attn.k_proj,5,0.1873402390629053,0.17918692901730537,0.2039531245827675,0.00861764386077988,0.9367011953145266,14.771927785115007
attention_microbench,cross,t5_large,1024,16,16,64,1,4096,1,128,128,128,float16,cuda,cross_attn.matmul_qk,5,0.24674762971699238,0.23774313740432262,0.2676299773156643,0.010990236548129226,1.233738148584962,19.456248084021116
attention_microbench,cross,t5_large,1024,16,16,64,1,4096,1,128,128,128,float16,cuda,cross_attn.out_projection,5,0.1969657838344574,0.19038701429963112,0.20574592053890228,0.005045993025589115,0.984828919172287,15.530909694015074
attention_microbench,cross,t5_large,1024,16,16,64,1,4096,1,128,128,128,float16,cuda,cross_attn.q_proj,5,0.18847319297492504,0.18289894796907902,0.19387411884963512,0.0038431368653390053,0.9423659648746252,14.861262107820762
attention_microbench,cross,t5_large,1024,16,16,64,1,4096,1,128,128,128,float16,cuda,cross_attn.softmax,5,0.09782337583601475,0.09285705164074898,0.10735192336142063,0.005120798672381376,0.48911687918007374,7.713451476169822
attention_microbench,cross,t5_large,1024,16,16,64,1,4096,1,128,128,128,float16,cuda,cross_attn.v_proj,5,0.1877178903669119,0.18181116320192814,0.19188993610441685,0.00377065967869356,0.9385894518345594,14.801705892683593
attention_microbench,cross,t5_large,1024,16,16,64,1,4096,1,128,128,128,float16,cuda,cross_attn.weighted_sum,5,0.16314983367919922,0.1596368383616209,0.1662920694798231,0.002394130694445286,0.8157491683959961,12.864494960174627
