architecture,model_family,shape_name,d_model,num_heads,num_kv_heads,head_dim,num_layers,d_ff,batch_size,seq_len,encoder_seq_len,decoder_seq_len,dtype,device,operation_key,count,avg_ms,min_ms,max_ms,std_ms,total_ms,pct_total
attention_microbench,cross,gpt2_medium,1024,16,16,64,1,4096,1,256,256,256,float16,cuda,cross_attn.k_proj,5,0.2463021781295538,0.2412919420748949,0.25185011327266693,0.0042254230282820215,1.231510890647769,15.09831691399741
attention_microbench,cross,gpt2_medium,1024,16,16,64,1,4096,1,256,256,256,float16,cuda,cross_attn.matmul_qk,5,0.3249705769121647,0.32198778353631496,0.3283880650997162,0.0025762046307975985,1.6248528845608234,19.92068764963837
attention_microbench,cross,gpt2_medium,1024,16,16,64,1,4096,1,256,256,256,float16,cuda,cross_attn.out_projection,5,0.2516072243452072,0.23511587642133236,0.2620890736579895,0.012301309331077728,1.258036121726036,15.423516104745968
attention_microbench,cross,gpt2_medium,1024,16,16,64,1,4096,1,256,256,256,float16,cuda,cross_attn.q_proj,5,0.24359477683901787,0.23850798606872559,0.2518820110708475,0.005350481694357199,1.2179738841950893,14.93235328749478
attention_microbench,cross,gpt2_medium,1024,16,16,64,1,4096,1,256,256,256,float16,cuda,cross_attn.softmax,5,0.1619892194867134,0.15835417434573174,0.16654608771204948,0.003169213217216314,0.809946097433567,9.929934810300471
attention_microbench,cross,gpt2_medium,1024,16,16,64,1,4096,1,256,256,256,float16,cuda,cross_attn.v_proj,5,0.23916680365800858,0.23610820062458515,0.24519488215446472,0.003216674966098113,1.1958340182900429,14.66091865024852
attention_microbench,cross,gpt2_medium,1024,16,16,64,1,4096,1,256,256,256,float16,cuda,cross_attn.weighted_sum,5,0.16369130462408066,0.15640188939869404,0.16795401461422443,0.004238920224090074,0.8184565231204033,10.034272583574479
