architecture,model_family,shape_name,d_model,num_heads,num_kv_heads,head_dim,num_layers,d_ff,batch_size,seq_len,encoder_seq_len,decoder_seq_len,dtype,device,operation_key,count,avg_ms,min_ms,max_ms,std_ms,total_ms,pct_total
attention_microbench,cross,bart_large,1024,16,16,64,1,4096,1,8192,8192,8192,float16,cuda,cross_attn.k_proj,5,1.1864133644849062,1.1039609089493752,1.3064760714769363,0.0961390259275028,5.932066822424531,0.8186500759077664
attention_microbench,cross,bart_large,1024,16,16,64,1,4096,1,8192,8192,8192,float16,cuda,cross_attn.matmul_qk,5,52.72539299912751,52.6559439022094,52.850811975076795,0.0813858640640174,263.62696499563754,36.38162572430436
attention_microbench,cross,bart_large,1024,16,16,64,1,4096,1,8192,8192,8192,float16,cuda,cross_attn.out_projection,5,1.1822213884443045,1.1107120662927628,1.2825101148337126,0.08008631011506769,5.911106942221522,0.8157575246211984
attention_microbench,cross,bart_large,1024,16,16,64,1,4096,1,8192,8192,8192,float16,cuda,cross_attn.q_proj,5,1.1902340222150087,1.1051450856029987,1.2945730704814196,0.07945892819691439,5.951170111075044,0.8212864097812675
attention_microbench,cross,bart_large,1024,16,16,64,1,4096,1,8192,8192,8192,float16,cuda,cross_attn.softmax,5,67.77999703772366,67.65210092999041,68.14451795071363,0.18544218199277804,338.8999851886183,46.76961789287614
attention_microbench,cross,bart_large,1024,16,16,64,1,4096,1,8192,8192,8192,float16,cuda,cross_attn.v_proj,5,1.1603029910475016,1.082009868696332,1.2626710813492537,0.08372884653991179,5.801514955237508,0.8006333712444708
attention_microbench,cross,bart_large,1024,16,16,64,1,4096,1,8192,8192,8192,float16,cuda,cross_attn.weighted_sum,5,19.698574393987656,19.617012003436685,19.764841999858618,0.04825858979337022,98.49287196993828,13.592429001264794
