architecture,model_family,shape_name,d_model,num_heads,num_kv_heads,head_dim,num_layers,d_ff,batch_size,seq_len,encoder_seq_len,decoder_seq_len,phase,phase_tokens,timed_repeats,dtype,device,operation_key,count,avg_ms,min_ms,max_ms,std_ms,total_ms,avg_total_ms_per_repeat,avg_total_ms_per_token,pct_total
attention_microbench,cross,t5_large,1024,16,16,64,1,4096,1,8192,8192,8192,attention_microbench,8192,5,float16,cuda,cross_attn.k_proj,5,1.2864748015999794,1.2791790068149567,1.3065389357507229,0.010259104331994126,6.432374007999897,1.2864748015999794,0.00015704038105468499,0.8835805666796864
attention_microbench,cross,t5_large,1024,16,16,64,1,4096,1,8192,8192,8192,attention_microbench,8192,5,float16,cuda,cross_attn.matmul_qk,5,52.85621685907245,52.71564004942775,52.91036097332835,0.07116666356105762,264.28108429536223,52.85621685907245,0.006452174909554742,36.30286888386759
attention_microbench,cross,t5_large,1024,16,16,64,1,4096,1,8192,8192,8192,attention_microbench,8192,5,float16,cuda,cross_attn.out_projection,5,1.285028224810958,1.279659103602171,1.3000110629945993,0.007568640217060459,6.4251411240547895,1.285028224810958,0.00015686379697399389,0.8825870243752435
attention_microbench,cross,t5_large,1024,16,16,64,1,4096,1,8192,8192,8192,attention_microbench,8192,5,float16,cuda,cross_attn.q_proj,5,1.2822444085031748,1.2661861255764961,1.298474846407771,0.010471911371122626,6.411222042515874,1.2822444085031748,0.0001565239756473602,0.8806750351254704
attention_microbench,cross,t5_large,1024,16,16,64,1,4096,1,8192,8192,8192,attention_microbench,8192,5,float16,cuda,cross_attn.softmax,5,68.43905998393893,68.41685902327299,68.5010498855263,0.03120707387399792,342.19529991969466,68.43905998393893,0.00835437743944567,47.0055249651419
attention_microbench,cross,t5_large,1024,16,16,64,1,4096,1,8192,8192,8192,attention_microbench,8192,5,float16,cuda,cross_attn.v_proj,5,1.2655531987547874,1.2554030399769545,1.275945920497179,0.00750599631176321,6.327765993773937,1.2655531987547874,0.00015448647445737151,0.8692111272823416
attention_microbench,cross,t5_large,1024,16,16,64,1,4096,1,8192,8192,8192,attention_microbench,8192,5,float16,cuda,cross_attn.weighted_sum,5,19.1833283752203,19.130911910906434,19.37385811470449,0.09543465067322987,95.9166418761015,19.1833283752203,0.002341714889553259,13.175552397527762
