architecture,model_family,shape_name,d_model,num_heads,num_kv_heads,head_dim,num_layers,d_ff,batch_size,seq_len,encoder_seq_len,decoder_seq_len,dtype,device,operation_key,count,avg_ms,min_ms,max_ms,std_ms,total_ms,pct_total
attention_microbench,cross,bert_large,1024,16,16,64,1,4096,1,8192,8192,8192,float16,cuda,cross_attn.k_proj,5,1.1809467803686857,1.1021438986063004,1.2946401257067919,0.09213617650240555,5.904733901843429,0.8156723756705472
attention_microbench,cross,bert_large,1024,16,16,64,1,4096,1,8192,8192,8192,float16,cuda,cross_attn.matmul_qk,5,52.68774819560349,52.624029107391834,52.848713006824255,0.08373110939539703,263.43874097801745,36.39109014381038
attention_microbench,cross,bert_large,1024,16,16,64,1,4096,1,8192,8192,8192,float16,cuda,cross_attn.out_projection,5,1.1787198018282652,1.0736030526459217,1.290254993364215,0.09269561989051066,5.893599009141326,0.8141342158594292
attention_microbench,cross,bert_large,1024,16,16,64,1,4096,1,8192,8192,8192,float16,cuda,cross_attn.q_proj,5,1.175622595474124,1.081953989341855,1.300879055634141,0.09786139276508854,5.87811297737062,0.8119949952723376
attention_microbench,cross,bert_large,1024,16,16,64,1,4096,1,8192,8192,8192,float16,cuda,cross_attn.softmax,5,67.89239635691047,67.77762202546,68.04444803856313,0.12218438685779846,339.46198178455234,46.892843222891756
attention_microbench,cross,bert_large,1024,16,16,64,1,4096,1,8192,8192,8192,float16,cuda,cross_attn.v_proj,5,1.1323558166623116,0.9509571827948093,1.2773929629474878,0.12299550687514012,5.661779083311558,0.7821109083281104
attention_microbench,cross,bert_large,1024,16,16,64,1,4096,1,8192,8192,8192,float16,cuda,cross_attn.weighted_sum,5,19.534210627898574,19.253685139119625,19.897083984687924,0.24375430345650131,97.67105313949287,13.492154138167441
