architecture,model_family,shape_name,d_model,num_heads,num_kv_heads,head_dim,num_layers,d_ff,batch_size,seq_len,encoder_seq_len,decoder_seq_len,phase,phase_tokens,timed_repeats,dtype,device,operation_key,count,avg_ms,min_ms,max_ms,std_ms,total_ms,avg_total_ms_per_repeat,avg_total_ms_per_token,pct_total
attention_microbench,cross,gpt2_medium,1024,16,16,64,1,4096,1,512,512,512,attention_microbench,512,5,float16,cuda,cross_attn.k_proj,5,0.3489645663648844,0.3461160231381655,0.35235704854130745,0.002272004200318171,1.7448228318244219,0.3489645663648844,0.0006815714186814148,11.366459000845513
attention_microbench,cross,gpt2_medium,1024,16,16,64,1,4096,1,512,512,512,attention_microbench,512,5,float16,cuda,cross_attn.matmul_qk,5,0.9046067949384451,0.8968748152256012,0.9170360863208771,0.006865366986770147,4.5230339746922255,0.9046067949384451,0.0017668101463641506,29.464814017257126
attention_microbench,cross,gpt2_medium,1024,16,16,64,1,4096,1,512,512,512,attention_microbench,512,5,float16,cuda,cross_attn.out_projection,5,0.34625078551471233,0.34022796899080276,0.35859597846865654,0.0066859074234672765,1.7312539275735617,0.34625078551471233,0.0006762710654584225,11.27806584651446
attention_microbench,cross,gpt2_medium,1024,16,16,64,1,4096,1,512,512,512,attention_microbench,512,5,float16,cuda,cross_attn.q_proj,5,0.3478123340755701,0.34013204276561737,0.3584998194128275,0.006938314419319002,1.7390616703778505,0.3478123340755701,0.0006793209649913479,11.328928539766416
attention_microbench,cross,gpt2_medium,1024,16,16,64,1,4096,1,512,512,512,attention_microbench,512,5,float16,cuda,cross_attn.softmax,5,0.41695241816341877,0.40989299304783344,0.42551010847091675,0.0049935961320315934,2.084762090817094,0.41695241816341877,0.0008143601917254273,13.580956415507282
attention_microbench,cross,gpt2_medium,1024,16,16,64,1,4096,1,512,512,512,attention_microbench,512,5,float16,cuda,cross_attn.v_proj,5,0.34766574390232563,0.34326897002756596,0.3538609016686678,0.003931612953947316,1.7383287195116282,0.34766574390232563,0.0006790346560592297,11.324153810883576
attention_microbench,cross,gpt2_medium,1024,16,16,64,1,4096,1,512,512,512,attention_microbench,512,5,float16,cuda,cross_attn.weighted_sum,5,0.3578729461878538,0.3432359080761671,0.3779239486902952,0.012349036357878162,1.789364730939269,0.3578729461878538,0.000698970598023152,11.656622369225628
