architecture,model_family,shape_name,d_model,num_heads,num_kv_heads,head_dim,num_layers,d_ff,batch_size,seq_len,encoder_seq_len,decoder_seq_len,phase,phase_tokens,timed_repeats,dtype,device,operation_key,count,avg_ms,min_ms,max_ms,std_ms,total_ms,avg_total_ms_per_repeat,avg_total_ms_per_token,pct_total
attention_microbench,cross,t5_large,1024,16,16,64,1,4096,1,2048,2048,2048,attention_microbench,2048,5,float16,cuda,cross_attn.k_proj,5,0.45765526592731476,0.4313001409173012,0.5411240272223949,0.041887132446091144,2.288276329636574,0.45765526592731476,0.00022346448531607166,2.2129264381356357
attention_microbench,cross,t5_large,1024,16,16,64,1,4096,1,2048,2048,2048,attention_microbench,2048,5,float16,cuda,cross_attn.matmul_qk,5,5.405479948967695,5.16836391761899,6.264373892918229,0.42977456939552344,27.027399744838476,5.405479948967695,0.0026393945063318824,26.13742347232706
attention_microbench,cross,t5_large,1024,16,16,64,1,4096,1,2048,2048,2048,attention_microbench,2048,5,float16,cuda,cross_attn.out_projection,5,0.5178219638764858,0.4661800339818001,0.6054448895156384,0.0581163175869385,2.589109819382429,0.5178219638764858,0.00025284275579906534,2.5038538817809317
attention_microbench,cross,t5_large,1024,16,16,64,1,4096,1,2048,2048,2048,attention_microbench,2048,5,float16,cuda,cross_attn.q_proj,5,0.45981844887137413,0.4291560035198927,0.5589490756392479,0.04985244982306862,2.2990922443568707,0.45981844887137413,0.00022452072698797565,2.2233861991912276
attention_microbench,cross,t5_large,1024,16,16,64,1,4096,1,2048,2048,2048,attention_microbench,2048,5,float16,cuda,cross_attn.softmax,5,11.920288484543562,10.59212302789092,13.894584029912949,1.60001189840664,59.60144242271781,11.920288484543562,0.005820453361593536,57.638846314159345
attention_microbench,cross,t5_large,1024,16,16,64,1,4096,1,2048,2048,2048,attention_microbench,2048,5,float16,cuda,cross_attn.v_proj,5,0.4511909559369087,0.4202269483357668,0.5391088780015707,0.044722678712836327,2.2559547796845436,0.4511909559369087,0.0002203080839535687,2.1816691937705164
attention_microbench,cross,t5_large,1024,16,16,64,1,4096,1,2048,2048,2048,attention_microbench,2048,5,float16,cuda,cross_attn.weighted_sum,5,1.4687426388263702,1.4338688924908638,1.526733161881566,0.04070686098774063,7.343713194131851,1.4687426388263702,0.0007171594916144386,7.101894500635281
