architecture,model_family,shape_name,d_model,num_heads,num_kv_heads,head_dim,num_layers,d_ff,batch_size,seq_len,encoder_seq_len,decoder_seq_len,phase,phase_tokens,timed_repeats,dtype,device,operation_key,count,avg_ms,min_ms,max_ms,std_ms,total_ms,avg_total_ms_per_repeat,avg_total_ms_per_token,pct_total
attention_microbench,cross,bart_large,1024,16,16,64,1,4096,1,512,512,512,attention_microbench,512,5,float16,cuda,cross_attn.k_proj,5,0.3453399986028671,0.3385939635336399,0.3562259953469038,0.006656043968767027,1.7266999930143356,0.3453399986028671,0.0006744921847712249,11.383312398518283
attention_microbench,cross,bart_large,1024,16,16,64,1,4096,1,512,512,512,attention_microbench,512,5,float16,cuda,cross_attn.matmul_qk,5,0.8985863998532295,0.8946000598371029,0.9065670892596245,0.0043620737870936075,4.492931999266148,0.8985863998532295,0.001755051562213339,29.61976529788592
attention_microbench,cross,bart_large,1024,16,16,64,1,4096,1,512,512,512,attention_microbench,512,5,float16,cuda,cross_attn.out_projection,5,0.34400918520987034,0.3398749977350235,0.35267509520053864,0.005062421624571435,1.7200459260493517,0.34400918520987034,0.000671892939863028,11.339445297522445
attention_microbench,cross,bart_large,1024,16,16,64,1,4096,1,512,512,512,attention_microbench,512,5,float16,cuda,cross_attn.q_proj,5,0.3458140417933464,0.33878604881465435,0.3542429767549038,0.005071877397862735,1.729070208966732,0.3458140417933464,0.0006754180503776297,11.398938105790673
attention_microbench,cross,bart_large,1024,16,16,64,1,4096,1,512,512,512,attention_microbench,512,5,float16,cuda,cross_attn.softmax,5,0.41445442475378513,0.4103081300854683,0.42057898826897144,0.004240265114305699,2.0722721237689257,0.41445442475378513,0.0008094812983472366,13.661505215171898
attention_microbench,cross,bart_large,1024,16,16,64,1,4096,1,512,512,512,attention_microbench,512,5,float16,cuda,cross_attn.v_proj,5,0.3413531929254532,0.3381790593266487,0.3440671134740114,0.001964167255235088,1.706765964627266,0.3413531929254532,0.0006667054549325258,11.251896823485579
attention_microbench,cross,bart_large,1024,16,16,64,1,4096,1,512,512,512,attention_microbench,512,5,float16,cuda,cross_attn.weighted_sum,5,0.34418185241520405,0.34227408468723297,0.3467230126261711,0.0016851466861260457,1.7209092620760202,0.34418185241520405,0.0006722301804984454,11.345136861625198
