architecture,model_family,shape_name,d_model,num_heads,num_kv_heads,head_dim,num_layers,d_ff,batch_size,seq_len,encoder_seq_len,decoder_seq_len,phase,phase_tokens,timed_repeats,dtype,device,operation_key,count,avg_ms,min_ms,max_ms,std_ms,total_ms,avg_total_ms_per_repeat,avg_total_ms_per_token,pct_total
attention_microbench,cross,llama_7b,4096,32,32,128,1,11008,1,256,256,256,attention_microbench,256,5,float16,cuda,cross_attn.k_proj,5,1.3440275564789772,1.330637838691473,1.3603989500552416,0.013072039130905825,6.720137782394886,1.3440275564789772,0.005250107642496005,20.76212109800787
attention_microbench,cross,llama_7b,4096,32,32,128,1,11008,1,256,256,256,attention_microbench,256,5,float16,cuda,cross_attn.matmul_qk,5,0.5123001988977194,0.5041661206632853,0.5235890857875347,0.00717931934794936,2.561500994488597,0.5123001988977194,0.0020011726519442163,7.913854680117445
attention_microbench,cross,llama_7b,4096,32,32,128,1,11008,1,256,256,256,attention_microbench,256,5,float16,cuda,cross_attn.out_projection,5,1.358165219426155,1.3429271057248116,1.378447050228715,0.01255257452017867,6.7908260971307755,1.358165219426155,0.005305332888383418,20.980515333109043
attention_microbench,cross,llama_7b,4096,32,32,128,1,11008,1,256,256,256,attention_microbench,256,5,float16,cuda,cross_attn.q_proj,5,1.3372626155614853,1.329102087765932,1.3429590035229921,0.00507126135412835,6.6863130778074265,1.3372626155614853,0.005223682092037052,20.657618387574022
attention_microbench,cross,llama_7b,4096,32,32,128,1,11008,1,256,256,256,attention_microbench,256,5,float16,cuda,cross_attn.softmax,5,0.27513904497027397,0.2655070275068283,0.28893095441162586,0.007940561586878905,1.3756952248513699,0.27513904497027397,0.0010747618944151327,4.250262684664244
attention_microbench,cross,llama_7b,4096,32,32,128,1,11008,1,256,256,256,attention_microbench,256,5,float16,cuda,cross_attn.v_proj,5,1.3395346235483885,1.3263500295579433,1.357933972030878,0.010831283053874813,6.697673117741942,1.3395346235483885,0.0052325571232358925,20.692715662724616
attention_microbench,cross,llama_7b,4096,32,32,128,1,11008,1,256,256,256,attention_microbench,256,5,float16,cuda,cross_attn.weighted_sum,5,0.3070305101573467,0.3006439656019211,0.31952280551195145,0.006636684949667482,1.5351525507867336,0.3070305101573467,0.0011993379303021356,4.742912153802761
