architecture,model_family,shape_name,d_model,num_heads,num_kv_heads,head_dim,num_layers,d_ff,batch_size,seq_len,encoder_seq_len,decoder_seq_len,phase,phase_tokens,timed_repeats,dtype,device,operation_key,count,avg_ms,min_ms,max_ms,std_ms,total_ms,avg_total_ms_per_repeat,avg_total_ms_per_token,pct_total
attention_microbench,cross,gpt3_2p7b,2560,32,32,80,1,10240,1,256,256,256,attention_microbench,256,5,float16,cuda,cross_attn.k_proj,5,0.7080340292304754,0.6934171542525291,0.7256090175360441,0.010331277702342895,3.540170146152377,0.7080340292304754,0.0027657579266815446,17.651551138872723
attention_microbench,cross,gpt3_2p7b,2560,32,32,80,1,10240,1,256,256,256,attention_microbench,256,5,float16,cuda,cross_attn.matmul_qk,5,0.5224513821303844,0.5184388719499111,0.5283900536596775,0.004363433026022367,2.6122569106519222,0.5224513821303844,0.0020408257114468142,13.024906866795938
attention_microbench,cross,gpt3_2p7b,2560,32,32,80,1,10240,1,256,256,256,attention_microbench,256,5,float16,cuda,cross_attn.out_projection,5,0.7407001219689846,0.732840970158577,0.7594008930027485,0.009969289040241814,3.703500609844923,0.7407001219689846,0.002893359851441346,18.46592895501757
attention_microbench,cross,gpt3_2p7b,2560,32,32,80,1,10240,1,256,256,256,attention_microbench,256,5,float16,cuda,cross_attn.q_proj,5,0.7003665436059237,0.694311922416091,0.7058000192046165,0.004177791993440855,3.5018327180296183,0.7003665436059237,0.0027358068109606393,17.460397876429326
attention_microbench,cross,gpt3_2p7b,2560,32,32,80,1,10240,1,256,256,256,attention_microbench,256,5,float16,cuda,cross_attn.softmax,5,0.29595857486128807,0.2921628765761852,0.2998760901391506,0.002629580847807803,1.4797928743064404,0.29595857486128807,0.0011560881830519065,7.378357117707667
attention_microbench,cross,gpt3_2p7b,2560,32,32,80,1,10240,1,256,256,256,attention_microbench,256,5,float16,cuda,cross_attn.v_proj,5,0.7096857763826847,0.6983128841966391,0.72439294308424,0.009526278553529983,3.5484288819134235,0.7096857763826847,0.002772210063994862,17.692729808431015
attention_microbench,cross,gpt3_2p7b,2560,32,32,80,1,10240,1,256,256,256,attention_microbench,256,5,float16,cuda,cross_attn.weighted_sum,5,0.3339753020554781,0.31802011653780937,0.3537640441209078,0.013039893152676821,1.6698765102773905,0.3339753020554781,0.0013045910236542113,8.326128236745761
