architecture,model_family,shape_name,d_model,num_heads,num_kv_heads,head_dim,num_layers,d_ff,batch_size,seq_len,encoder_seq_len,decoder_seq_len,dtype,device,operation_key,count,avg_ms,min_ms,max_ms,std_ms,total_ms,pct_total
attention_microbench,cross,bart_large,1024,16,16,64,1,4096,1,512,512,512,float16,cuda,cross_attn.k_proj,5,0.35596368834376335,0.3394652158021927,0.3852860536426306,0.015959303520422713,1.7798184417188168,11.652285996807164
attention_microbench,cross,bart_large,1024,16,16,64,1,4096,1,512,512,512,float16,cuda,cross_attn.matmul_qk,5,0.9008107706904411,0.8929648902267218,0.9168668184429407,0.008688816750495739,4.504053853452206,29.4875715495805
attention_microbench,cross,bart_large,1024,16,16,64,1,4096,1,512,512,512,float16,cuda,cross_attn.out_projection,5,0.34569217823445797,0.340521102771163,0.3539279568940401,0.005729296674537513,1.7284608911722898,11.31605346148986
attention_microbench,cross,bart_large,1024,16,16,64,1,4096,1,512,512,512,float16,cuda,cross_attn.q_proj,5,0.3462555352598429,0.33946591429412365,0.3608718980103731,0.008303520122116555,1.7312776762992144,11.334494660390337
attention_microbench,cross,bart_large,1024,16,16,64,1,4096,1,512,512,512,float16,cuda,cross_attn.softmax,5,0.4133166279643774,0.40835700929164886,0.4195561632514,0.0043719308931301805,2.066583139821887,13.529704613089226
attention_microbench,cross,bart_large,1024,16,16,64,1,4096,1,512,512,512,float16,cuda,cross_attn.v_proj,5,0.34775943495333195,0.3375781234353781,0.36666402593255043,0.00994956036451069,1.7387971747666597,11.383724033814861
attention_microbench,cross,bart_large,1024,16,16,64,1,4096,1,512,512,512,float16,cuda,cross_attn.weighted_sum,5,0.34508462995290756,0.3394661471247673,0.3534809220582247,0.004703761188537176,1.7254231497645378,11.296165684828052
