architecture,model_family,shape_name,d_model,num_heads,num_kv_heads,head_dim,num_layers,d_ff,batch_size,seq_len,encoder_seq_len,decoder_seq_len,dtype,device,operation_key,count,avg_ms,min_ms,max_ms,std_ms,total_ms,pct_total
attention_microbench,cross,t5_large,1024,16,16,64,1,4096,1,256,256,256,float16,cuda,cross_attn.k_proj,5,0.24657519534230232,0.24024001322686672,0.25201495736837387,0.003814343286937615,1.2328759767115116,14.94669654521984
attention_microbench,cross,t5_large,1024,16,16,64,1,4096,1,256,256,256,float16,cuda,cross_attn.matmul_qk,5,0.321417348459363,0.3186659887433052,0.3239130601286888,0.001863722261603417,1.607086742296815,19.483417888494674
attention_microbench,cross,t5_large,1024,16,16,64,1,4096,1,256,256,256,float16,cuda,cross_attn.out_projection,5,0.2617802005261183,0.2589260693639517,0.2658700104802847,0.0025274295732669316,1.3089010026305914,15.868381299988043
attention_microbench,cross,t5_large,1024,16,16,64,1,4096,1,256,256,256,float16,cuda,cross_attn.q_proj,5,0.24790624156594276,0.24318392388522625,0.2523988950997591,0.003208566440193956,1.2395312078297138,15.02738083288631
attention_microbench,cross,t5_large,1024,16,16,64,1,4096,1,256,256,256,float16,cuda,cross_attn.softmax,5,0.16130725853145123,0.15541305765509605,0.16466109082102776,0.0032579886111816134,0.8065362926572561,9.777993445220213
attention_microbench,cross,t5_large,1024,16,16,64,1,4096,1,256,256,256,float16,cuda,cross_attn.v_proj,5,0.2440277487039566,0.23630401119589806,0.2527178730815649,0.005804051364165802,1.220138743519783,14.792277477171913
attention_microbench,cross,t5_large,1024,16,16,64,1,4096,1,256,256,256,float16,cuda,cross_attn.weighted_sum,5,0.16668294556438923,0.16136490739881992,0.17506000585854053,0.00574943415732204,0.8334147278219461,10.103852511019005
