architecture,model_family,shape_name,d_model,num_heads,num_kv_heads,head_dim,num_layers,d_ff,batch_size,seq_len,encoder_seq_len,decoder_seq_len,dtype,device,operation_key,count,avg_ms,min_ms,max_ms,std_ms,total_ms,pct_total
attention_microbench,cross,t5_large,1024,16,16,64,1,4096,1,2048,2048,2048,float16,cuda,cross_attn.k_proj,5,0.5332052242010832,0.4262109287083149,0.6157341413199902,0.08651536884321945,2.666026121005416,2.317304779144841
attention_microbench,cross,t5_large,1024,16,16,64,1,4096,1,2048,2048,2048,float16,cuda,cross_attn.matmul_qk,5,6.4866106025874615,5.263992818072438,7.3944078758358955,0.9959705122081366,32.43305301293731,28.190747328759926
attention_microbench,cross,t5_large,1024,16,16,64,1,4096,1,2048,2048,2048,float16,cuda,cross_attn.out_projection,5,0.5607554223388433,0.4373469855636358,0.7686191238462925,0.12815371578386914,2.8037771116942167,2.4370376754357124
attention_microbench,cross,t5_large,1024,16,16,64,1,4096,1,2048,2048,2048,float16,cuda,cross_attn.q_proj,5,0.5412367638200521,0.4256991669535637,0.6455238908529282,0.08831414117797928,2.7061838191002607,2.3522097731287506
attention_microbench,cross,t5_large,1024,16,16,64,1,4096,1,2048,2048,2048,float16,cuda,cross_attn.softmax,5,12.798487767577171,10.626059956848621,16.03794703260064,2.625575164458225,63.99243883788586,55.622104817278945
attention_microbench,cross,t5_large,1024,16,16,64,1,4096,1,2048,2048,2048,float16,cuda,cross_attn.v_proj,5,0.5280917976051569,0.42406702414155006,0.5953190848231316,0.07995935366209314,2.6404589880257845,2.29508187630982
attention_microbench,cross,t5_large,1024,16,16,64,1,4096,1,2048,2048,2048,float16,cuda,cross_attn.weighted_sum,5,1.5613273717463017,1.4136959798634052,1.7908860463649035,0.17063344143453185,7.806636858731508,6.785513749942004
