architecture,model_family,shape_name,d_model,num_heads,num_kv_heads,head_dim,num_layers,d_ff,batch_size,seq_len,encoder_seq_len,decoder_seq_len,phase,phase_tokens,timed_repeats,dtype,device,operation_key,count,avg_ms,min_ms,max_ms,std_ms,total_ms,avg_total_ms_per_repeat,avg_total_ms_per_token,pct_total
attention_microbench,cross,bart_large,1024,16,16,64,1,4096,1,128,128,128,attention_microbench,128,5,float16,cuda,cross_attn.k_proj,5,0.20242095924913883,0.19942503422498703,0.20397012121975422,0.0015677240597245941,1.0121047962456942,0.20242095924913883,0.0015814137441338971,14.539271774288332
attention_microbench,cross,bart_large,1024,16,16,64,1,4096,1,128,128,128,attention_microbench,128,5,float16,cuda,cross_attn.matmul_qk,5,0.2760793548077345,0.2659871242940426,0.28742686845362186,0.008469726986076358,1.3803967740386724,0.2760793548077345,0.0021568699594354257,19.82992663264392
attention_microbench,cross,bart_large,1024,16,16,64,1,4096,1,128,128,128,attention_microbench,128,5,float16,cuda,cross_attn.out_projection,5,0.20733601413667202,0.20294496789574623,0.21197018213570118,0.002955398998168418,1.03668007068336,0.20733601413667202,0.0016198126104427502,14.892304973322998
attention_microbench,cross,bart_large,1024,16,16,64,1,4096,1,128,128,128,attention_microbench,128,5,float16,cuda,cross_attn.q_proj,5,0.20882724784314632,0.20262505859136581,0.21804985590279102,0.005775596280818364,1.0441362392157316,0.20882724784314632,0.0016314628737745807,14.999415680721256
attention_microbench,cross,bart_large,1024,16,16,64,1,4096,1,128,128,128,attention_microbench,128,5,float16,cuda,cross_attn.softmax,5,0.10932558216154575,0.10412815026938915,0.11584092862904072,0.004099027978718934,0.5466279108077288,0.10932558216154575,0.0008541061106370762,7.852518616773448
attention_microbench,cross,bart_large,1024,16,16,64,1,4096,1,128,128,128,attention_microbench,128,5,float16,cuda,cross_attn.v_proj,5,0.20736828446388245,0.20083296112716198,0.21248217672109604,0.0051614610969591065,1.0368414223194122,0.20736828446388245,0.0016200647223740816,14.894622851171706
attention_microbench,cross,bart_large,1024,16,16,64,1,4096,1,128,128,128,attention_microbench,128,5,float16,cuda,cross_attn.weighted_sum,5,0.18087844364345074,0.17558597028255463,0.18592202104628086,0.003897795760077795,0.9043922182172537,0.18087844364345074,0.0014131128409644589,12.991939471078336
