architecture,model_family,shape_name,d_model,num_heads,num_kv_heads,head_dim,num_layers,d_ff,batch_size,seq_len,encoder_seq_len,decoder_seq_len,dtype,device,operation_key,count,avg_ms,min_ms,max_ms,std_ms,total_ms,pct_total
attention_microbench,cross,t5_base,768,12,12,64,1,3072,1,2048,2048,2048,float16,cuda,cross_attn.k_proj,5,0.42513497173786163,0.3632709849625826,0.5148109048604965,0.06622346784165832,2.125674858689308,2.435532057306849
attention_microbench,cross,t5_base,768,12,12,64,1,3072,1,2048,2048,2048,float16,cuda,cross_attn.matmul_qk,5,5.113902362063527,3.9761969819664955,6.806748919188976,1.3785729988473665,25.569511810317636,29.296750370427624
attention_microbench,cross,t5_base,768,12,12,64,1,3072,1,2048,2048,2048,float16,cuda,cross_attn.out_projection,5,0.39456398226320744,0.344838947057724,0.518108019605279,0.06288746369282668,1.9728199113160372,2.2603956186724368
attention_microbench,cross,t5_base,768,12,12,64,1,3072,1,2048,2048,2048,float16,cuda,cross_attn.q_proj,5,0.4524605814367533,0.3969960380345583,0.5297858733683825,0.056273371902918534,2.2623029071837664,2.592076220528833
attention_microbench,cross,t5_base,768,12,12,64,1,3072,1,2048,2048,2048,float16,cuda,cross_attn.softmax,5,9.386296011507511,7.835858967155218,14.743304112926126,2.697041955146512,46.931480057537556,53.772628353646304
attention_microbench,cross,t5_base,768,12,12,64,1,3072,1,2048,2048,2048,float16,cuda,cross_attn.v_proj,5,0.4458754323422909,0.3667580895125866,0.5160588771104813,0.06544741487950757,2.2293771617114544,2.5543509267094446
attention_microbench,cross,t5_base,768,12,12,64,1,3072,1,2048,2048,2048,float16,cuda,cross_attn.weighted_sum,5,1.2372943107038736,1.1282078921794891,1.6542510129511356,0.20853121545123748,6.186471553519368,7.088266452708509
