architecture,model_family,shape_name,d_model,num_heads,num_kv_heads,head_dim,num_layers,d_ff,batch_size,seq_len,encoder_seq_len,decoder_seq_len,phase,phase_tokens,timed_repeats,dtype,device,operation_key,count,avg_ms,min_ms,max_ms,std_ms,total_ms,avg_total_ms_per_repeat,avg_total_ms_per_token,pct_total
attention_microbench,cross,bert_large,1024,16,16,64,1,4096,1,256,256,256,attention_microbench,256,5,float16,cuda,cross_attn.k_proj,5,0.24515562690794468,0.24019507691264153,0.2507560420781374,0.003984720594107806,1.2257781345397234,0.24515562690794468,0.0009576391676091589,15.094859017839262
attention_microbench,cross,bert_large,1024,16,16,64,1,4096,1,256,256,256,attention_microbench,256,5,float16,cuda,cross_attn.matmul_qk,5,0.30928440392017365,0.3058600705116987,0.31373300589621067,0.002651559249788803,1.5464220196008682,0.30928440392017365,0.0012081422028131783,19.043431849698162
attention_microbench,cross,bert_large,1024,16,16,64,1,4096,1,256,256,256,attention_microbench,256,5,float16,cuda,cross_attn.out_projection,5,0.2550822217017412,0.23843604139983654,0.26595499366521835,0.009112787093508401,1.275411108508706,0.2550822217017412,0.0009964149285224266,15.706064849944598
attention_microbench,cross,bert_large,1024,16,16,64,1,4096,1,256,256,256,attention_microbench,256,5,float16,cuda,cross_attn.q_proj,5,0.242525152862072,0.23971498012542725,0.24717184714972973,0.0026814347436736087,1.21262576431036,0.242525152862072,0.0009473638783674687,14.93289400250048
attention_microbench,cross,bert_large,1024,16,16,64,1,4096,1,256,256,256,attention_microbench,256,5,float16,cuda,cross_attn.softmax,5,0.16246619634330273,0.1539860386401415,0.1860500779002905,0.01190742744831912,0.8123309817165136,0.16246619634330273,0.0006346335794660263,10.003459271557405
attention_microbench,cross,bert_large,1024,16,16,64,1,4096,1,256,256,256,attention_microbench,256,5,float16,cuda,cross_attn.v_proj,5,0.24204496294260025,0.23965188302099705,0.24637090973556042,0.0026404178885044245,1.2102248147130013,0.24204496294260025,0.0009454881364945322,14.903327480909136
attention_microbench,cross,bert_large,1024,16,16,64,1,4096,1,256,256,256,attention_microbench,256,5,float16,cuda,cross_attn.weighted_sum,5,0.16754157841205597,0.1571541652083397,0.18253084272146225,0.008543718108656515,0.8377078920602798,0.16754157841205597,0.0006544592906720936,10.315963527550954
