architecture,model_family,shape_name,d_model,num_heads,num_kv_heads,head_dim,num_layers,d_ff,batch_size,seq_len,encoder_seq_len,decoder_seq_len,dtype,device,operation_key,count,avg_ms,min_ms,max_ms,std_ms,total_ms,pct_total
attention_microbench,cross,t5_large,1024,16,16,64,1,4096,1,512,512,512,float16,cuda,cross_attn.k_proj,5,0.34958207979798317,0.3394011873751879,0.357927056029439,0.008004956977266185,1.7479103989899158,11.379935608139697
attention_microbench,cross,t5_large,1024,16,16,64,1,4096,1,512,512,512,float16,cuda,cross_attn.matmul_qk,5,0.9045647922903299,0.8967709727585316,0.913088908419013,0.006331220388033774,4.52282396145165,29.44627223341327
attention_microbench,cross,t5_large,1024,16,16,64,1,4096,1,512,512,512,float16,cuda,cross_attn.out_projection,5,0.35286545753479004,0.3413851372897625,0.3617990296334028,0.00887501793744781,1.7643272876739502,11.486819311227835
attention_microbench,cross,t5_large,1024,16,16,64,1,4096,1,512,512,512,float16,cuda,cross_attn.q_proj,5,0.3494673874229193,0.3424410242587328,0.3562320489436388,0.004610941736074459,1.7473369371145964,11.376202030481123
attention_microbench,cross,t5_large,1024,16,16,64,1,4096,1,512,512,512,float16,cuda,cross_attn.softmax,5,0.41691185906529427,0.411332119256258,0.4237140528857708,0.0044639615255147235,2.0845592953264713,13.571720018298926
attention_microbench,cross,t5_large,1024,16,16,64,1,4096,1,512,512,512,float16,cuda,cross_attn.v_proj,5,0.34851357340812683,0.3430477809160948,0.3521360922604799,0.004028624816851353,1.7425678670406342,11.345152549693228
attention_microbench,cross,t5_large,1024,16,16,64,1,4096,1,512,512,512,float16,cuda,cross_attn.weighted_sum,5,0.35001100040972233,0.34656794741749763,0.3567428793758154,0.003807375643568482,1.7500550020486116,11.39389824874592
