architecture,model_family,shape_name,d_model,num_heads,num_kv_heads,head_dim,num_layers,d_ff,batch_size,seq_len,encoder_seq_len,decoder_seq_len,dtype,device,operation_key,count,avg_ms,min_ms,max_ms,std_ms,total_ms,pct_total
attention_microbench,cross,bert_base,768,12,12,64,1,3072,1,4096,4096,4096,float16,cuda,cross_attn.k_proj,5,0.46751475892961025,0.45749288983643055,0.4882111679762602,0.010803058235554896,2.3375737946480513,1.1898710142897282
attention_microbench,cross,bert_base,768,12,12,64,1,3072,1,4096,4096,4096,float16,cuda,cross_attn.matmul_qk,5,12.153693987056613,10.984617983922362,13.049867004156113,0.9540831992749746,60.768469935283065,30.932345804131806
attention_microbench,cross,bert_base,768,12,12,64,1,3072,1,4096,4096,4096,float16,cuda,cross_attn.out_projection,5,0.7005369756370783,0.672193942591548,0.7414359133690596,0.027623206053425744,3.5026848781853914,1.7829354599567826
attention_microbench,cross,bert_base,768,12,12,64,1,3072,1,4096,4096,4096,float16,cuda,cross_attn.q_proj,5,0.46486579813063145,0.4532060120254755,0.48075616359710693,0.010581442802828567,2.3243289906531572,1.1831291486855042
attention_microbench,cross,bert_base,768,12,12,64,1,3072,1,4096,4096,4096,float16,cuda,cross_attn.softmax,5,21.53042801655829,20.64452599734068,22.888159146532416,1.053744074108061,107.65214008279145,54.797055564210204
attention_microbench,cross,bert_base,768,12,12,64,1,3072,1,4096,4096,4096,float16,cuda,cross_attn.v_proj,5,0.4568475764244795,0.4485989920794964,0.4671248607337475,0.00664220950880093,2.2842378821223974,1.1627219863188174
attention_microbench,cross,bert_base,768,12,12,64,1,3072,1,4096,4096,4096,float16,cuda,cross_attn.weighted_sum,5,3.51732624694705,3.1649230513721704,4.030187148600817,0.415886964595001,17.58663123473525,8.951941022407155
