architecture,model_family,shape_name,d_model,num_heads,num_kv_heads,head_dim,num_layers,d_ff,batch_size,seq_len,encoder_seq_len,decoder_seq_len,dtype,device,operation_key,count,avg_ms,min_ms,max_ms,std_ms,total_ms,pct_total
attention_microbench,cross,bert_large,1024,16,16,64,1,4096,1,128,128,128,float16,cuda,cross_attn.k_proj,5,0.20973440259695053,0.20167697221040726,0.23146695457398891,0.011009737607516465,1.0486720129847527,14.870964024843424
attention_microbench,cross,bert_large,1024,16,16,64,1,4096,1,128,128,128,float16,cuda,cross_attn.matmul_qk,5,0.2810240723192692,0.26528816670179367,0.2983091399073601,0.012519867142763787,1.405120361596346,19.92567179169876
attention_microbench,cross,bert_large,1024,16,16,64,1,4096,1,128,128,128,float16,cuda,cross_attn.out_projection,5,0.20778942853212357,0.2015500795096159,0.2127171028405428,0.003782674730816602,1.0389471426606178,14.733057992312947
attention_microbench,cross,bert_large,1024,16,16,64,1,4096,1,128,128,128,float16,cuda,cross_attn.q_proj,5,0.20933165214955807,0.20270212553441525,0.21962798200547695,0.0063377756877795914,1.0466582607477903,14.842407491723426
attention_microbench,cross,bert_large,1024,16,16,64,1,4096,1,128,128,128,float16,cuda,cross_attn.softmax,5,0.10910998098552227,0.10379892773926258,0.11899694800376892,0.005270506602933754,0.5455499049276114,7.7363111721121305
attention_microbench,cross,bert_large,1024,16,16,64,1,4096,1,128,128,128,float16,cuda,cross_attn.v_proj,5,0.21110395900905132,0.2064448781311512,0.21953205578029156,0.004977115509686477,1.0555197950452566,14.968070764997462
attention_microbench,cross,bert_large,1024,16,16,64,1,4096,1,128,128,128,float16,cuda,cross_attn.weighted_sum,5,0.18226834945380688,0.17627188935875893,0.18763099797070026,0.004271766707703171,0.9113417472690344,12.923516762311847
