architecture,model_family,shape_name,d_model,num_heads,num_kv_heads,head_dim,num_layers,d_ff,batch_size,seq_len,encoder_seq_len,decoder_seq_len,dtype,device,operation_key,count,avg_ms,min_ms,max_ms,std_ms,total_ms,pct_total
attention_microbench,cross,llama_7b,4096,32,32,128,1,11008,1,128,128,128,float16,cuda,cross_attn.k_proj,5,0.9803144726902246,0.9767881128937006,0.9847881738096476,0.002743108073607473,4.901572363451123,21.47980006773678
attention_microbench,cross,llama_7b,4096,32,32,128,1,11008,1,128,128,128,float16,cuda,cross_attn.matmul_qk,5,0.2743593882769346,0.2700269687920809,0.28177001513540745,0.004736463938868553,1.3717969413846731,6.011524843372729
attention_microbench,cross,llama_7b,4096,32,32,128,1,11008,1,128,128,128,float16,cuda,cross_attn.out_projection,5,0.9898371528834105,0.9826438035815954,0.9977470617741346,0.006226369898027849,4.949185764417052,21.688452772921583
attention_microbench,cross,llama_7b,4096,32,32,128,1,11008,1,128,128,128,float16,cuda,cross_attn.q_proj,5,0.9791115298867226,0.9733650367707014,0.9865148458629847,0.005038745459256783,4.895557649433613,21.453442228867747
attention_microbench,cross,llama_7b,4096,32,32,128,1,11008,1,128,128,128,float16,cuda,cross_attn.softmax,5,0.12092539109289646,0.11647096835076809,0.12555904686450958,0.002899828075770243,0.6046269554644823,2.6496122378569416
attention_microbench,cross,llama_7b,4096,32,32,128,1,11008,1,128,128,128,float16,cuda,cross_attn.v_proj,5,0.9804744273424149,0.9777159430086613,0.9837641846388578,0.0023656870336016475,4.902372136712074,21.483304855276558
attention_microbench,cross,llama_7b,4096,32,32,128,1,11008,1,128,128,128,float16,cuda,cross_attn.weighted_sum,5,0.23886775597929955,0.23348582908511162,0.25338795967400074,0.00734591292917067,1.1943387798964977,5.233862993967664
