architecture,model_family,shape_name,d_model,num_heads,num_kv_heads,head_dim,num_layers,d_ff,batch_size,seq_len,encoder_seq_len,decoder_seq_len,dtype,device,operation_key,count,avg_ms,min_ms,max_ms,std_ms,total_ms,pct_total
attention_microbench,cross,bert_base,768,12,12,64,1,3072,1,512,512,512,float16,cuda,cross_attn.k_proj,5,0.26179924607276917,0.25389622896909714,0.282948836684227,0.010708014415140498,1.3089962303638458,11.10628174555528
attention_microbench,cross,bert_base,768,12,12,64,1,3072,1,512,512,512,float16,cuda,cross_attn.matmul_qk,5,0.7145632058382034,0.7040940690785646,0.743962125852704,0.015132465577592779,3.572816029191017,30.313839356284422
attention_microbench,cross,bert_base,768,12,12,64,1,3072,1,512,512,512,float16,cuda,cross_attn.out_projection,5,0.2613639924675226,0.24925591424107552,0.2695100847631693,0.0069910452108023395,1.306819962337613,11.087817027863569
attention_microbench,cross,bert_base,768,12,12,64,1,3072,1,512,512,512,float16,cuda,cross_attn.q_proj,5,0.2463767770677805,0.239464920014143,0.2530959900468588,0.005051629929503359,1.2318838853389025,10.452015973017925
attention_microbench,cross,bert_base,768,12,12,64,1,3072,1,512,512,512,float16,cuda,cross_attn.softmax,5,0.33118179999291897,0.32553798519074917,0.33894414082169533,0.004600474819514629,1.6559089999645948,14.049690497195366
attention_microbench,cross,bert_base,768,12,12,64,1,3072,1,512,512,512,float16,cuda,cross_attn.v_proj,5,0.2468053251504898,0.24464912712574005,0.2490319311618805,0.001761252124085671,1.234026625752449,10.470196223035773
attention_microbench,cross,bert_base,768,12,12,64,1,3072,1,512,512,512,float16,cuda,cross_attn.weighted_sum,5,0.2951274160295725,0.2922599669545889,0.2979880664497614,0.0019207503427372784,1.4756370801478624,12.520159177047663
