architecture,model_family,shape_name,d_model,num_heads,num_kv_heads,head_dim,num_layers,d_ff,batch_size,seq_len,encoder_seq_len,decoder_seq_len,dtype,device,operation_key,count,avg_ms,min_ms,max_ms,std_ms,total_ms,pct_total
attention_microbench,cross,llama_7b,4096,32,32,128,1,11008,1,2048,2048,2048,float16,cuda,cross_attn.k_proj,5,3.401433816179633,3.384481882676482,3.411232028156519,0.009283417891468295,17.007169080898166,6.439115597401064
attention_microbench,cross,llama_7b,4096,32,32,128,1,11008,1,2048,2048,2048,float16,cuda,cross_attn.matmul_qk,5,9.699487825855613,9.68624697998166,9.727428201586008,0.015003102138586275,48.497439129278064,18.361704716752964
attention_microbench,cross,llama_7b,4096,32,32,128,1,11008,1,2048,2048,2048,float16,cuda,cross_attn.out_projection,5,3.400831762701273,3.381377086043358,3.4248298034071922,0.01489388211841358,17.004158813506365,6.437975874521689
attention_microbench,cross,llama_7b,4096,32,32,128,1,11008,1,2048,2048,2048,float16,cuda,cross_attn.q_proj,5,3.4068222157657146,3.3814420457929373,3.4318380057811737,0.0214702050921385,17.034111078828573,6.449316156840064
attention_microbench,cross,llama_7b,4096,32,32,128,1,11008,1,2048,2048,2048,float16,cuda,cross_attn.softmax,5,26.799781573936343,26.786943897604942,26.82758099399507,0.01473477667701286,133.99890786968172,50.73357321222143
attention_microbench,cross,llama_7b,4096,32,32,128,1,11008,1,2048,2048,2048,float16,cuda,cross_attn.v_proj,5,3.402060642838478,3.368066158145666,3.425213973969221,0.021485792419719093,17.01030321419239,6.440302217377803
attention_microbench,cross,llama_7b,4096,32,32,128,1,11008,1,2048,2048,2048,float16,cuda,cross_attn.weighted_sum,5,2.7141318190842867,2.6971090119332075,2.757457084953785,0.022392912680795674,13.570659095421433,5.138012224884988
