architecture,model_family,shape_name,d_model,num_heads,num_kv_heads,head_dim,num_layers,d_ff,batch_size,seq_len,encoder_seq_len,decoder_seq_len,phase,phase_tokens,timed_repeats,dtype,device,operation_key,count,avg_ms,min_ms,max_ms,std_ms,total_ms,avg_total_ms_per_repeat,avg_total_ms_per_token,pct_total
attention_microbench,cross,bert_base,768,12,12,64,1,3072,1,1024,1024,1024,attention_microbench,1024,5,float16,cuda,cross_attn.k_proj,5,0.3756343852728605,0.36211684346199036,0.38970098830759525,0.010377454075251485,1.8781719263643026,0.3756343852728605,0.00036683045436802786,6.539375397240721
attention_microbench,cross,bert_base,768,12,12,64,1,3072,1,1024,1024,1024,attention_microbench,1024,5,float16,cuda,cross_attn.matmul_qk,5,2.397161675617099,2.3837790358811617,2.408483065664768,0.007959933570203647,11.985808378085494,2.397161675617099,0.002340978198844823,41.731909269572874
attention_microbench,cross,bert_base,768,12,12,64,1,3072,1,1024,1024,1024,attention_microbench,1024,5,float16,cuda,cross_attn.out_projection,5,0.39388719014823437,0.3831090871244669,0.4082620143890381,0.00958006029591915,1.9694359507411718,0.39388719014823437,0.0003846554591291351,6.857136357931129
attention_microbench,cross,bert_base,768,12,12,64,1,3072,1,1024,1024,1024,attention_microbench,1024,5,float16,cuda,cross_attn.q_proj,5,0.3687669523060322,0.355300959199667,0.3849978093057871,0.01017681691276141,1.843834761530161,0.3687669523060322,0.00036012397686135955,6.419821054118337
attention_microbench,cross,bert_base,768,12,12,64,1,3072,1,1024,1024,1024,attention_microbench,1024,5,float16,cuda,cross_attn.softmax,5,1.1098277755081654,1.0896159801632166,1.1247210204601288,0.012313561871310634,5.549138877540827,1.1098277755081654,0.0010838161870196927,19.32086287856899
attention_microbench,cross,bert_base,768,12,12,64,1,3072,1,1024,1024,1024,attention_microbench,1024,5,float16,cuda,cross_attn.v_proj,5,0.3765622153878212,0.36368495784699917,0.4134140908718109,0.018576924522405506,1.882811076939106,0.3765622153878212,0.00036773653846466914,6.555527883979083
attention_microbench,cross,bert_base,768,12,12,64,1,3072,1,1024,1024,1024,attention_microbench,1024,5,float16,cuda,cross_attn.weighted_sum,5,0.7223534397780895,0.7143469993025064,0.7311149965971708,0.007293667993990312,3.6117671988904476,0.7223534397780895,0.0007054232810332906,12.57536715858886
