architecture,model_family,shape_name,d_model,num_heads,num_kv_heads,head_dim,num_layers,d_ff,batch_size,seq_len,encoder_seq_len,decoder_seq_len,phase,phase_tokens,timed_repeats,dtype,device,operation_key,count,avg_ms,min_ms,max_ms,std_ms,total_ms,avg_total_ms_per_repeat,avg_total_ms_per_token,pct_total
attention_microbench,cross,bert_base,768,12,12,64,1,3072,1,128,128,128,attention_microbench,128,5,float16,cuda,cross_attn.k_proj,5,0.18705553375184536,0.18041813746094704,0.20173098891973495,0.0076174548886000434,0.9352776687592268,0.18705553375184536,0.0014613713574362919,15.148060800598532
attention_microbench,cross,bert_base,768,12,12,64,1,3072,1,128,128,128,attention_microbench,128,5,float16,cuda,cross_attn.matmul_qk,5,0.2442280761897564,0.23619621060788631,0.25574816390872,0.006680798033409417,1.221140380948782,0.2442280761897564,0.0019080318452324718,19.77798610461661
attention_microbench,cross,bert_base,768,12,12,64,1,3072,1,128,128,128,attention_microbench,128,5,float16,cuda,cross_attn.out_projection,5,0.15820404514670372,0.15539396554231644,0.16419519670307636,0.003193112970724057,0.7910202257335186,0.15820404514670372,0.0012359691027086228,12.811620414086045
attention_microbench,cross,bert_base,768,12,12,64,1,3072,1,128,128,128,attention_microbench,128,5,float16,cuda,cross_attn.q_proj,5,0.18647341057658195,0.17875502817332745,0.19661104306578636,0.005901613750932452,0.9323670528829098,0.18647341057658195,0.0014568235201295465,15.100919520811399
attention_microbench,cross,bert_base,768,12,12,64,1,3072,1,128,128,128,attention_microbench,128,5,float16,cuda,cross_attn.softmax,5,0.10332344099879265,0.09513809345662594,0.11056195944547653,0.006217708752658464,0.5166172049939632,0.10332344099879265,0.0008072143828030676,8.36729999366472
attention_microbench,cross,bert_base,768,12,12,64,1,3072,1,128,128,128,attention_microbench,128,5,float16,cuda,cross_attn.v_proj,5,0.19041560590267181,0.18285098485648632,0.19747507758438587,0.0053193016234555825,0.9520780295133591,0.19041560590267181,0.0014876219211146235,15.420164898318736
attention_microbench,cross,bert_base,768,12,12,64,1,3072,1,128,128,128,attention_microbench,128,5,float16,cuda,cross_attn.weighted_sum,5,0.165147939696908,0.1602258998900652,0.1728339120745659,0.00473241341380184,0.82573969848454,0.165147939696908,0.0012902182788820937,13.373948267903957
