architecture,model_family,shape_name,d_model,num_heads,num_kv_heads,head_dim,num_layers,d_ff,batch_size,seq_len,encoder_seq_len,decoder_seq_len,dtype,device,operation_key,count,avg_ms,min_ms,max_ms,std_ms,total_ms,pct_total
attention_microbench,cross,bert_base,768,12,12,64,1,3072,1,256,256,256,float16,cuda,cross_attn.k_proj,5,0.19248737953603268,0.18279883079230785,0.20417198538780212,0.00808045058785104,0.9624368976801634,14.501702890212346
attention_microbench,cross,bert_base,768,12,12,64,1,3072,1,256,256,256,float16,cuda,cross_attn.matmul_qk,5,0.26552360504865646,0.2608390059322119,0.27415016666054726,0.004553802601061735,1.3276180252432823,20.00413970014538
attention_microbench,cross,bert_base,768,12,12,64,1,3072,1,256,256,256,float16,cuda,cross_attn.out_projection,5,0.1829903107136488,0.1788628287613392,0.18625403754413128,0.002544276545877762,0.914951553568244,13.786208343390232
attention_microbench,cross,bert_base,768,12,12,64,1,3072,1,256,256,256,float16,cuda,cross_attn.q_proj,5,0.19203964620828629,0.18529407680034637,0.2037249505519867,0.007568818356316043,0.9601982310414314,14.467971350468417
attention_microbench,cross,bert_base,768,12,12,64,1,3072,1,256,256,256,float16,cuda,cross_attn.softmax,5,0.13891165144741535,0.13301102444529533,0.14529796317219734,0.004687511201308057,0.6945582572370768,10.46539000185234
attention_microbench,cross,bert_base,768,12,12,64,1,3072,1,256,256,256,float16,cuda,cross_attn.v_proj,5,0.18962686881422997,0.18596695736050606,0.196204986423254,0.003957567416762168,0.9481343440711498,14.28619641544066
attention_microbench,cross,bert_base,768,12,12,64,1,3072,1,256,256,256,float16,cuda,cross_attn.weighted_sum,5,0.1657638233155012,0.15918491408228874,0.17313589341938496,0.005292860352842768,0.8288191165775061,12.488391298490622
