architecture,model_family,shape_name,d_model,num_heads,num_kv_heads,head_dim,num_layers,d_ff,batch_size,seq_len,encoder_seq_len,decoder_seq_len,dtype,device,operation_key,count,avg_ms,min_ms,max_ms,std_ms,total_ms,pct_total
attention_microbench,cross,bert_base,768,12,12,64,1,3072,1,8192,8192,8192,float16,cuda,cross_attn.k_proj,5,0.8617263752967119,0.7249258924275637,0.8987658657133579,0.0684216544697633,4.30863187648356,0.7854017550300465
attention_microbench,cross,bert_base,768,12,12,64,1,3072,1,8192,8192,8192,float16,cuda,cross_attn.matmul_qk,5,39.86610914580524,39.845956955105066,39.894687943160534,0.016549767459193322,199.3305457290262,36.33509776064794
attention_microbench,cross,bert_base,768,12,12,64,1,3072,1,8192,8192,8192,float16,cuda,cross_attn.out_projection,5,0.8803291711956263,0.7390689570456743,0.9327789302915335,0.07118751198326821,4.401645855978131,0.8023568685861824
attention_microbench,cross,bert_base,768,12,12,64,1,3072,1,8192,8192,8192,float16,cuda,cross_attn.q_proj,5,0.8540086448192596,0.7041920907795429,0.9052930399775505,0.07536332028648894,4.270043224096298,0.7783675975113645
attention_microbench,cross,bert_base,768,12,12,64,1,3072,1,8192,8192,8192,float16,cuda,cross_attn.softmax,5,50.909471372142434,50.79766293056309,51.078880904242396,0.09404618558475761,254.54735686071217,46.40032997662982
attention_microbench,cross,bert_base,768,12,12,64,1,3072,1,8192,8192,8192,float16,cuda,cross_attn.v_proj,5,0.8708261419087648,0.7201898843050003,0.9453538805246353,0.07772419227050353,4.354130709543824,0.7936955393128002
attention_microbench,cross,bert_base,768,12,12,64,1,3072,1,8192,8192,8192,float16,cuda,cross_attn.weighted_sum,5,15.475437184795737,15.229712007567286,15.727106016129255,0.2058599864668919,77.37718592397869,14.10475050228185
