architecture,model_family,shape_name,d_model,num_heads,num_kv_heads,head_dim,num_layers,d_ff,batch_size,seq_len,encoder_seq_len,decoder_seq_len,phase,phase_tokens,timed_repeats,dtype,device,operation_key,count,avg_ms,min_ms,max_ms,std_ms,total_ms,avg_total_ms_per_repeat,avg_total_ms_per_token,pct_total
attention_microbench,cross,t5_base,768,12,12,64,1,3072,1,512,512,512,attention_microbench,512,5,float16,cuda,cross_attn.k_proj,5,0.26651746593415737,0.2563230227679014,0.2856981009244919,0.01079731068667601,1.3325873296707869,0.26651746593415737,0.0005205419256526511,11.135166038794079
attention_microbench,cross,t5_base,768,12,12,64,1,3072,1,512,512,512,attention_microbench,512,5,float16,cuda,cross_attn.matmul_qk,5,0.7206404116004705,0.7116231136023998,0.7315268740057945,0.006365917502876343,3.6032020580023527,0.7206404116004705,0.001407500803907169,30.108535698814467
attention_microbench,cross,t5_base,768,12,12,64,1,3072,1,512,512,512,attention_microbench,512,5,float16,cuda,cross_attn.out_projection,5,0.2707612235099077,0.26204995810985565,0.2780191134661436,0.005107711175354434,1.3538061175495386,0.2707612235099077,0.0005288305146677885,11.31247128619593
attention_microbench,cross,t5_base,768,12,12,64,1,3072,1,512,512,512,attention_microbench,512,5,float16,cuda,cross_attn.q_proj,5,0.24707424454391003,0.2435541246086359,0.25424198247492313,0.0038059027376401797,1.2353712227195501,0.24707424454391003,0.00048256688387482427,10.32282341145226
attention_microbench,cross,t5_base,768,12,12,64,1,3072,1,512,512,512,attention_microbench,512,5,float16,cuda,cross_attn.softmax,5,0.33567664213478565,0.32944302074611187,0.3431390505284071,0.005118772482598355,1.6783832106739283,0.33567664213478565,0.0006556184416695032,14.024653627913146
attention_microbench,cross,t5_base,768,12,12,64,1,3072,1,512,512,512,attention_microbench,512,5,float16,cuda,cross_attn.v_proj,5,0.250600790604949,0.2460181713104248,0.25331415235996246,0.0027359391262292087,1.253003953024745,0.250600790604949,0.000489454669150291,10.470163383320466
attention_microbench,cross,t5_base,768,12,12,64,1,3072,1,512,512,512,attention_microbench,512,5,float16,cuda,cross_attn.weighted_sum,5,0.3022046759724617,0.29357103630900383,0.30541117303073406,0.004361913331397619,1.5110233798623085,0.3022046759724617,0.0005902435077587143,12.626186553509651
