architecture,model_family,shape_name,d_model,num_heads,num_kv_heads,head_dim,num_layers,d_ff,batch_size,seq_len,encoder_seq_len,decoder_seq_len,dtype,device,operation_key,count,avg_ms,min_ms,max_ms,std_ms,total_ms,pct_total
attention_microbench,cross,t5_base,768,12,12,64,1,3072,1,8192,8192,8192,float16,cuda,cross_attn.k_proj,5,0.8615265600383282,0.7026069797575474,0.923998886719346,0.08072854167097032,4.307632800191641,0.7872149455172148
attention_microbench,cross,t5_base,768,12,12,64,1,3072,1,8192,8192,8192,float16,cuda,cross_attn.matmul_qk,5,39.86515956930816,39.64765998534858,40.0872768368572,0.1394864900341424,199.3257978465408,36.42656056592362
attention_microbench,cross,t5_base,768,12,12,64,1,3072,1,8192,8192,8192,float16,cuda,cross_attn.out_projection,5,0.8845977485179901,0.7379329763352871,0.9378218092024326,0.07396869794492028,4.422988742589951,0.8082961114666737
attention_microbench,cross,t5_base,768,12,12,64,1,3072,1,8192,8192,8192,float16,cuda,cross_attn.q_proj,5,0.8595624472945929,0.7002709899097681,0.9119680617004633,0.08035422913341188,4.297812236472964,0.7854202487797393
attention_microbench,cross,t5_base,768,12,12,64,1,3072,1,8192,8192,8192,float16,cuda,cross_attn.softmax,5,50.95176980830729,50.87557900696993,51.08490795828402,0.07022392039439007,254.75884904153645,46.556886988914016
attention_microbench,cross,t5_base,768,12,12,64,1,3072,1,8192,8192,8192,float16,cuda,cross_attn.v_proj,5,0.8711967617273331,0.7249419577419758,0.9393580257892609,0.07519729773095377,4.355983808636665,0.7960510367636783
attention_microbench,cross,t5_base,768,12,12,64,1,3072,1,8192,8192,8192,float16,cuda,cross_attn.weighted_sum,5,15.145999565720558,14.959594001993537,15.4365508351475,0.1593176477415046,75.72999782860279,13.83957010263505
