architecture,model_family,shape_name,d_model,num_heads,num_kv_heads,head_dim,num_layers,d_ff,batch_size,seq_len,encoder_seq_len,decoder_seq_len,phase,phase_tokens,timed_repeats,dtype,device,operation_key,count,avg_ms,min_ms,max_ms,std_ms,total_ms,avg_total_ms_per_repeat,avg_total_ms_per_token,pct_total
attention_microbench,cross,t5_base,768,12,12,64,1,3072,1,4096,4096,4096,attention_microbench,4096,5,float16,cuda,cross_attn.k_proj,5,0.46453550457954407,0.45702792704105377,0.47782878391444683,0.008274180655361708,2.3226775228977203,0.46453550457954407,0.00011341198842274025,1.1255726924576726
attention_microbench,cross,t5_base,768,12,12,64,1,3072,1,4096,4096,4096,attention_microbench,4096,5,float16,cuda,cross_attn.matmul_qk,5,12.710190378129482,12.600212125107646,12.831158004701138,0.09887440131885958,63.55095189064741,12.710190378129482,0.003103073822785518,30.79687788021614
attention_microbench,cross,t5_base,768,12,12,64,1,3072,1,4096,4096,4096,attention_microbench,4096,5,float16,cuda,cross_attn.out_projection,5,0.5937268491834402,0.48246816731989384,0.7328060455620289,0.11178926738268788,2.968634245917201,0.5937268491834402,0.00014495284403892583,1.438604200608272
attention_microbench,cross,t5_base,768,12,12,64,1,3072,1,4096,4096,4096,attention_microbench,4096,5,float16,cuda,cross_attn.q_proj,5,0.4602089524269104,0.44982810504734516,0.4746608901768923,0.008765797492013849,2.301044762134552,0.4602089524269104,0.00011235570127610117,1.1150894271152179
attention_microbench,cross,t5_base,768,12,12,64,1,3072,1,4096,4096,4096,attention_microbench,4096,5,float16,cuda,cross_attn.softmax,5,22.66504056751728,22.497679106891155,22.801329847425222,0.10782852994398649,113.3252028375864,22.66504056751728,0.005533457169804024,54.917547711090904
attention_microbench,cross,t5_base,768,12,12,64,1,3072,1,4096,4096,4096,attention_microbench,4096,5,float16,cuda,cross_attn.v_proj,5,0.46232109889388084,0.45661209151148796,0.4682608414441347,0.005103250353910159,2.311605494469404,0.46232109889388084,0.00011287136203463888,1.120207172394655
attention_microbench,cross,t5_base,768,12,12,64,1,3072,1,4096,4096,4096,attention_microbench,4096,5,float16,cuda,cross_attn.weighted_sum,5,3.9150120690464973,3.7845149636268616,4.007205134257674,0.10565432872135957,19.575060345232487,3.9150120690464973,0.000955813493419555,9.486100916117136
