architecture,model_family,shape_name,d_model,num_heads,num_kv_heads,head_dim,num_layers,d_ff,batch_size,seq_len,encoder_seq_len,decoder_seq_len,dtype,device,operation_key,count,avg_ms,min_ms,max_ms,std_ms,total_ms,pct_total
attention_microbench,cross,gpt3_2p7b,2560,32,32,80,1,10240,1,1024,1024,1024,float16,cuda,cross_attn.k_proj,5,2.2382128052413464,2.0262999460101128,2.324613044038415,0.10948087705848437,11.191064026206732,12.145712463096332
attention_microbench,cross,gpt3_2p7b,2560,32,32,80,1,10240,1,1024,1024,1024,float16,cuda,cross_attn.matmul_qk,5,4.636616911739111,4.468309925869107,4.685029853135347,0.08428100253639412,23.183084558695555,25.160706649357458
attention_microbench,cross,gpt3_2p7b,2560,32,32,80,1,10240,1,1024,1024,1024,float16,cuda,cross_attn.out_projection,5,2.2713234648108482,2.2608411964029074,2.2846150677651167,0.008307007432956055,11.356617324054241,12.325388206909832
attention_microbench,cross,gpt3_2p7b,2560,32,32,80,1,10240,1,1024,1024,1024,float16,cuda,cross_attn.q_proj,5,2.2198332473635674,2.0510340109467506,2.2633690387010574,0.08440801019421762,11.099166236817837,12.045975376140355
attention_microbench,cross,gpt3_2p7b,2560,32,32,80,1,10240,1,1024,1024,1024,float16,cuda,cross_attn.softmax,5,2.9008086305111647,2.8954141307622194,2.9135560616850853,0.006636943570079458,14.504043152555823,15.741303710778185
attention_microbench,cross,gpt3_2p7b,2560,32,32,80,1,10240,1,1024,1024,1024,float16,cuda,cross_attn.v_proj,5,2.208928856998682,2.035771030932665,2.2625380661338568,0.08686633604540148,11.04464428499341,11.986802454938621
attention_microbench,cross,gpt3_2p7b,2560,32,32,80,1,10240,1,1024,1024,1024,float16,cuda,cross_attn.weighted_sum,5,1.9522835966199636,1.930820057168603,2.0069419406354427,0.028189781861800316,9.761417983099818,10.594111138779217
