architecture,model_family,shape_name,d_model,num_heads,num_kv_heads,head_dim,num_layers,d_ff,batch_size,seq_len,encoder_seq_len,decoder_seq_len,phase,phase_tokens,timed_repeats,dtype,device,operation_key,count,avg_ms,min_ms,max_ms,std_ms,total_ms,avg_total_ms_per_repeat,avg_total_ms_per_token,pct_total
attention_microbench,cross,bart_large,1024,16,16,64,1,4096,1,4096,4096,4096,attention_microbench,4096,5,float16,cuda,cross_attn.k_proj,5,0.731525756418705,0.6780528929084539,0.8981828577816486,0.08371186833632689,3.657628782093525,0.731525756418705,0.0001785951553756604,1.349608851263803
attention_microbench,cross,bart_large,1024,16,16,64,1,4096,1,4096,4096,4096,attention_microbench,4096,5,float16,cuda,cross_attn.matmul_qk,5,16.723720636218786,16.64956915192306,16.905028140172362,0.09309699284538958,83.61860318109393,16.723720636218786,0.004082939608451852,30.853980462972622
attention_microbench,cross,bart_large,1024,16,16,64,1,4096,1,4096,4096,4096,attention_microbench,4096,5,float16,cuda,cross_attn.out_projection,5,0.7716798223555088,0.6895740516483784,0.9209350682795048,0.10107720805990135,3.858399111777544,0.7716798223555088,0.0001883983941297629,1.4236900197353648
attention_microbench,cross,bart_large,1024,16,16,64,1,4096,1,4096,4096,4096,attention_microbench,4096,5,float16,cuda,cross_attn.q_proj,5,0.7345274090766907,0.6745008286088705,0.8904391434043646,0.0805184681656663,3.6726370453834534,0.7345274090766907,0.00017932798073161393,1.3551466699394836
attention_microbench,cross,bart_large,1024,16,16,64,1,4096,1,4096,4096,4096,attention_microbench,4096,5,float16,cuda,cross_attn.softmax,5,29.67345379292965,28.18479505367577,30.218795873224735,0.7504963120700879,148.36726896464825,29.67345379292965,0.007244495554914465,54.74524380735983
attention_microbench,cross,bart_large,1024,16,16,64,1,4096,1,4096,4096,4096,attention_microbench,4096,5,float16,cuda,cross_attn.v_proj,5,0.731141958385706,0.6806140299886465,0.8981830906122923,0.08397911052058316,3.6557097919285297,0.731141958385706,0.00017850145468401024,1.348900773362392
attention_microbench,cross,bart_large,1024,16,16,64,1,4096,1,4096,4096,4096,attention_microbench,4096,5,float16,cuda,cross_attn.weighted_sum,5,4.8367484007030725,4.07763198018074,5.1854809280484915,0.3883509790253613,24.183742003515363,4.8367484007030725,0.0011808467775153986,8.923429415366511
