architecture,model_family,shape_name,d_model,num_heads,num_kv_heads,head_dim,num_layers,d_ff,batch_size,seq_len,encoder_seq_len,decoder_seq_len,phase,phase_tokens,timed_repeats,dtype,device,operation_key,count,avg_ms,min_ms,max_ms,std_ms,total_ms,avg_total_ms_per_repeat,avg_total_ms_per_token,pct_total
attention_microbench,cross,gpt3_2p7b,2560,32,32,80,1,10240,1,4096,4096,4096,attention_microbench,4096,5,float16,cuda,cross_attn.k_proj,5,2.8612803667783737,2.846559975296259,2.8881279285997152,0.014235014612818443,14.306401833891869,2.8612803667783737,0.0006985547770455014,2.7211950321948484
attention_microbench,cross,gpt3_2p7b,2560,32,32,80,1,10240,1,4096,4096,4096,attention_microbench,4096,5,float16,cuda,cross_attn.matmul_qk,5,29.75819455459714,27.426871936768293,33.08632900007069,2.7164181936640617,148.7909727729857,29.75819455459714,0.007265184217430942,28.301264052719734
attention_microbench,cross,gpt3_2p7b,2560,32,32,80,1,10240,1,4096,4096,4096,attention_microbench,4096,5,float16,cuda,cross_attn.out_projection,5,2.8613379690796137,2.851968863978982,2.8655040077865124,0.0048743007399359795,14.306689845398068,2.8613379690796137,0.0006985688401073276,2.721249814346852
attention_microbench,cross,gpt3_2p7b,2560,32,32,80,1,10240,1,4096,4096,4096,attention_microbench,4096,5,float16,cuda,cross_attn.q_proj,5,2.855629241093993,2.835136139765382,2.871840028092265,0.012810092898197813,14.278146205469966,2.855629241093993,0.0006971751076889632,2.7158205797933315
attention_microbench,cross,gpt3_2p7b,2560,32,32,80,1,10240,1,4096,4096,4096,attention_microbench,4096,5,float16,cuda,cross_attn.softmax,5,55.820301827043295,54.76609407924116,59.88100101239979,2.030481560662023,279.1015091352165,55.820301827043295,0.013628003375742992,53.08739744312264
attention_microbench,cross,gpt3_2p7b,2560,32,32,80,1,10240,1,4096,4096,4096,attention_microbench,4096,5,float16,cuda,cross_attn.v_proj,5,2.854214794933796,2.841183915734291,2.8655361384153366,0.008194173177363004,14.27107397466898,2.854214794933796,0.0006968297839193838,2.714475383457759
attention_microbench,cross,gpt3_2p7b,2560,32,32,80,1,10240,1,4096,4096,4096,attention_microbench,4096,5,float16,cuda,cross_attn.weighted_sum,5,8.136975625529885,7.68396002240479,9.917584946379066,0.8903432332119144,40.68487812764943,8.136975625529885,0.001986566314826632,7.738597694364835
