architecture,model_family,shape_name,d_model,num_heads,num_kv_heads,head_dim,num_layers,d_ff,batch_size,seq_len,encoder_seq_len,decoder_seq_len,phase,phase_tokens,timed_repeats,dtype,device,operation_key,count,avg_ms,min_ms,max_ms,std_ms,total_ms,avg_total_ms_per_repeat,avg_total_ms_per_token,pct_total
attention_microbench,cross,t5_large,1024,16,16,64,1,4096,1,128,128,128,attention_microbench,128,5,float16,cuda,cross_attn.k_proj,5,0.20792498253285885,0.2059538383036852,0.21001813001930714,0.0012926566691586633,1.0396249126642942,0.20792498253285885,0.0016244139260379598,14.718829839257168
attention_microbench,cross,t5_large,1024,16,16,64,1,4096,1,128,128,128,attention_microbench,128,5,float16,cuda,cross_attn.matmul_qk,5,0.27728299610316753,0.26761903427541256,0.2865309361368418,0.007376776836890184,1.3864149805158377,0.27728299610316753,0.0021662734070559964,19.628623685549464
attention_microbench,cross,t5_large,1024,16,16,64,1,4096,1,128,128,128,attention_microbench,128,5,float16,cuda,cross_attn.out_projection,5,0.20748320966959,0.20150607451796532,0.21334504708647728,0.00396517511282981,1.03741604834795,0.20748320966959,0.0016209625755436718,14.687557120015612
attention_microbench,cross,t5_large,1024,16,16,64,1,4096,1,128,128,128,attention_microbench,128,5,float16,cuda,cross_attn.q_proj,5,0.2151761669665575,0.2079377882182598,0.22976216860115528,0.00767696199327804,1.0758808348327875,0.2151761669665575,0.0016810638044262305,15.232134919351688
attention_microbench,cross,t5_large,1024,16,16,64,1,4096,1,128,128,128,attention_microbench,128,5,float16,cuda,cross_attn.softmax,5,0.10855132713913918,0.10233698412775993,0.11465698480606079,0.004282657742402136,0.5427566356956959,0.10855132713913918,0.0008480572432745248,7.68425464570633
attention_microbench,cross,t5_large,1024,16,16,64,1,4096,1,128,128,128,attention_microbench,128,5,float16,cuda,cross_attn.v_proj,5,0.21289801225066185,0.20585814490914345,0.2230098471045494,0.005809147562226183,1.0644900612533092,0.21289801225066185,0.0016632657207082957,15.070866315635586
attention_microbench,cross,t5_large,1024,16,16,64,1,4096,1,128,128,128,attention_microbench,128,5,float16,cuda,cross_attn.weighted_sum,5,0.18332945182919502,0.1787850633263588,0.18934602849185467,0.0042982756396512415,0.9166472591459751,0.18332945182919502,0.0014322613424155861,12.977733474484154
