architecture,model_family,shape_name,d_model,num_heads,num_kv_heads,head_dim,num_layers,d_ff,batch_size,seq_len,encoder_seq_len,decoder_seq_len,dtype,device,operation_key,count,avg_ms,min_ms,max_ms,std_ms,total_ms,pct_total
attention_microbench,cross,gpt3_2p7b,2560,32,32,80,1,10240,1,2048,2048,2048,float16,cuda,cross_attn.k_proj,5,1.661441009491682,1.5979839954525232,1.793615985661745,0.07062501042873069,8.30720504745841,3.735012186481676
attention_microbench,cross,gpt3_2p7b,2560,32,32,80,1,10240,1,2048,2048,2048,float16,cuda,cross_attn.matmul_qk,5,8.511764649301767,8.480727206915617,8.533459156751633,0.018311580011584398,42.55882324650884,19.13492234270337
attention_microbench,cross,gpt3_2p7b,2560,32,32,80,1,10240,1,2048,2048,2048,float16,cuda,cross_attn.out_projection,5,1.611441932618618,1.6042559873312712,1.6167978756129742,0.0046831290620700855,8.05720966309309,3.6226114690521336
attention_microbench,cross,gpt3_2p7b,2560,32,32,80,1,10240,1,2048,2048,2048,float16,cuda,cross_attn.q_proj,5,1.6072696074843407,1.5923529863357544,1.631421037018299,0.013883346458324253,8.036348037421703,3.6132318491116955
attention_microbench,cross,gpt3_2p7b,2560,32,32,80,1,10240,1,2048,2048,2048,float16,cuda,cross_attn.softmax,5,26.821987656876445,26.781146181747317,26.932653971016407,0.05848735789079616,134.10993828438222,60.29732635210733
attention_microbench,cross,gpt3_2p7b,2560,32,32,80,1,10240,1,2048,2048,2048,float16,cuda,cross_attn.v_proj,5,1.6020538751035929,1.5931520611047745,1.6094071324914694,0.005690264948810733,8.010269375517964,3.60150659140334
attention_microbench,cross,gpt3_2p7b,2560,32,32,80,1,10240,1,2048,2048,2048,float16,cuda,cross_attn.weighted_sum,5,2.6669218204915524,2.6490669697523117,2.7167738880962133,0.0253710538799994,13.334609102457762,5.995389209140449
