architecture,model_family,shape_name,d_model,num_heads,num_kv_heads,head_dim,num_layers,d_ff,batch_size,seq_len,encoder_seq_len,decoder_seq_len,phase,phase_tokens,timed_repeats,dtype,device,operation_key,count,avg_ms,min_ms,max_ms,std_ms,total_ms,avg_total_ms_per_repeat,avg_total_ms_per_token,pct_total
attention_microbench,cross,bart_large,1024,16,16,64,1,4096,1,2048,2048,2048,attention_microbench,2048,5,float16,cuda,cross_attn.k_proj,5,0.4839336033910513,0.4243559669703245,0.7095730397850275,0.11284809328163495,2.4196680169552565,0.4839336033910513,0.00023629570478078676,2.2119563800476545
attention_microbench,cross,bart_large,1024,16,16,64,1,4096,1,2048,2048,2048,attention_microbench,2048,5,float16,cuda,cross_attn.matmul_qk,5,5.960885481908917,5.173897137865424,8.9890630915761,1.5143172014139656,29.804427409544587,5.960885481908917,0.0029105886142133386,27.245925019567842
attention_microbench,cross,bart_large,1024,16,16,64,1,4096,1,2048,2048,2048,attention_microbench,2048,5,float16,cuda,cross_attn.out_projection,5,0.48342784866690636,0.4544360563158989,0.5572200752794743,0.0375620819487027,2.417139243334532,0.48342784866690636,0.00023604875423188787,2.2096446840195783
attention_microbench,cross,bart_large,1024,16,16,64,1,4096,1,2048,2048,2048,attention_microbench,2048,5,float16,cuda,cross_attn.q_proj,5,0.4835819825530052,0.4191719926893711,0.6948539521545172,0.10609914592395388,2.417909912765026,0.4835819825530052,0.00023612401491845958,2.2103491968501583
attention_microbench,cross,bart_large,1024,16,16,64,1,4096,1,2048,2048,2048,attention_microbench,2048,5,float16,cuda,cross_attn.softmax,5,12.542716460302472,10.543187148869038,17.124935053288937,2.630768430820834,62.71358230151236,12.542716460302472,0.0061243732716320665,57.33005830363012
attention_microbench,cross,bart_large,1024,16,16,64,1,4096,1,2048,2048,2048,attention_microbench,2048,5,float16,cuda,cross_attn.v_proj,5,0.4785061813890934,0.4197161179035902,0.6937328726053238,0.10772161289761678,2.392530906945467,0.4785061813890934,0.00023364559638139326,2.1871488018172567
attention_microbench,cross,bart_large,1024,16,16,64,1,4096,1,2048,2048,2048,attention_microbench,2048,5,float16,cuda,cross_attn.weighted_sum,5,1.4450292102992535,1.4221558813005686,1.5091320965439081,0.03288283417839514,7.225146051496267,1.4450292102992535,0.0007055806690914324,6.60491761406739
