architecture,model_family,shape_name,d_model,num_heads,num_kv_heads,head_dim,num_layers,d_ff,batch_size,seq_len,encoder_seq_len,decoder_seq_len,phase,phase_tokens,timed_repeats,dtype,device,operation_key,count,avg_ms,min_ms,max_ms,std_ms,total_ms,avg_total_ms_per_repeat,avg_total_ms_per_token,pct_total
attention_microbench,cross,gpt3_2p7b,2560,32,32,80,1,10240,1,8192,8192,8192,attention_microbench,8192,5,float16,cuda,cross_attn.k_proj,5,5.526307364925742,5.393467843532562,5.582877900451422,0.06867045470786332,27.63153682462871,5.526307364925742,0.0006745980670075369,1.7969886896262501
attention_microbench,cross,gpt3_2p7b,2560,32,32,80,1,10240,1,8192,8192,8192,attention_microbench,8192,5,float16,cuda,cross_attn.matmul_qk,5,113.50267645902932,113.46004018560052,113.52573381736875,0.0230431028371677,567.5133822951466,113.50267645902932,0.013855307184940102,36.90765141542648
attention_microbench,cross,gpt3_2p7b,2560,32,32,80,1,10240,1,8192,8192,8192,attention_microbench,8192,5,float16,cuda,cross_attn.out_projection,5,5.581930419430137,5.567292915657163,5.597854033112526,0.011508933061419407,27.909652097150683,5.581930419430137,0.0006813879906530929,1.8150756314531284
attention_microbench,cross,gpt3_2p7b,2560,32,32,80,1,10240,1,8192,8192,8192,attention_microbench,8192,5,float16,cuda,cross_attn.q_proj,5,5.559965409338474,5.545597057789564,5.570173030719161,0.009680401530504316,27.79982704669237,5.559965409338474,0.000678706715007138,1.8079332718093712
attention_microbench,cross,gpt3_2p7b,2560,32,32,80,1,10240,1,8192,8192,8192,attention_microbench,8192,5,float16,cuda,cross_attn.softmax,5,136.2348696216941,135.62610605731606,136.7350141517818,0.39991610090081087,681.1743481084704,136.2348696216941,0.016630233108116954,44.29947588450515
attention_microbench,cross,gpt3_2p7b,2560,32,32,80,1,10240,1,8192,8192,8192,attention_microbench,8192,5,float16,cuda,cross_attn.v_proj,5,5.473026959225535,5.349818849936128,5.551485810428858,0.08619889670915631,27.365134796127677,5.473026959225535,0.0006680941112335859,1.7796635066243713
attention_microbench,cross,gpt3_2p7b,2560,32,32,80,1,10240,1,8192,8192,8192,attention_microbench,8192,5,float16,cuda,cross_attn.weighted_sum,5,35.652784584090114,35.15322087332606,35.96897306852043,0.305387024600244,178.26392292045057,35.652784584090114,0.004352146555675063,11.593211600555257
