architecture,model_family,shape_name,d_model,num_heads,num_kv_heads,head_dim,num_layers,d_ff,batch_size,seq_len,encoder_seq_len,decoder_seq_len,phase,phase_tokens,timed_repeats,dtype,device,operation_key,count,avg_ms,min_ms,max_ms,std_ms,total_ms,avg_total_ms_per_repeat,avg_total_ms_per_token,pct_total
attention_microbench,cross,gpt3_2p7b,2560,32,32,80,1,10240,1,128,128,128,attention_microbench,128,5,float16,cuda,cross_attn.k_proj,5,0.6111053749918938,0.6030478980392218,0.6251279264688492,0.007636125095421348,3.055526874959469,0.6111053749918938,0.00477426074212417,18.9770636942992
attention_microbench,cross,gpt3_2p7b,2560,32,32,80,1,10240,1,128,128,128,attention_microbench,128,5,float16,cuda,cross_attn.matmul_qk,5,0.39597898721694946,0.38848514668643475,0.4105959087610245,0.008883976158342636,1.9798949360847473,0.39597898721694946,0.0030935858376324177,12.296600176556813
attention_microbench,cross,gpt3_2p7b,2560,32,32,80,1,10240,1,128,128,128,attention_microbench,128,5,float16,cuda,cross_attn.out_projection,5,0.6095942575484514,0.5825990810990334,0.6361990235745907,0.01732035988944566,3.047971287742257,0.6095942575484514,0.004762455137097277,18.930137954243072
attention_microbench,cross,gpt3_2p7b,2560,32,32,80,1,10240,1,128,128,128,attention_microbench,128,5,float16,cuda,cross_attn.q_proj,5,0.5905864760279655,0.5722949281334877,0.6229190621525049,0.019142977802337733,2.9529323801398277,0.5905864760279655,0.004613956843968481,18.339876609206843
attention_microbench,cross,gpt3_2p7b,2560,32,32,80,1,10240,1,128,128,128,attention_microbench,128,5,float16,cuda,cross_attn.softmax,5,0.1580436248332262,0.14633801765739918,0.17437012866139412,0.010000640704982026,0.790218124166131,0.1580436248332262,0.0012347158190095797,4.907834323954105
attention_microbench,cross,gpt3_2p7b,2560,32,32,80,1,10240,1,128,128,128,attention_microbench,128,5,float16,cuda,cross_attn.v_proj,5,0.6060621701180935,0.5723268259316683,0.6303759291768074,0.01926875893917532,3.0303108505904675,0.6060621701180935,0.004734860704047605,18.82045368229468
attention_microbench,cross,gpt3_2p7b,2560,32,32,80,1,10240,1,128,128,128,attention_microbench,128,5,float16,cuda,cross_attn.weighted_sum,5,0.24886056780815125,0.2412188332527876,0.25811512023210526,0.006073600564565634,1.2443028390407562,0.24886056780815125,0.0019442231860011816,7.7280335594452865
