architecture,model_family,shape_name,d_model,num_heads,num_kv_heads,head_dim,num_layers,d_ff,batch_size,seq_len,encoder_seq_len,decoder_seq_len,dtype,device,operation_key,count,avg_ms,min_ms,max_ms,std_ms,total_ms,pct_total
attention_microbench,cross,bert_large,1024,16,16,64,1,4096,1,1024,1024,1024,float16,cuda,cross_attn.k_proj,5,0.6222484167665243,0.5930990446358919,0.6661489605903625,0.025695115902674422,3.1112420838326216,7.711353192059469
attention_microbench,cross,bert_large,1024,16,16,64,1,4096,1,1024,1024,1024,float16,cuda,cross_attn.matmul_qk,5,3.169342642650008,3.116713836789131,3.2130891922861338,0.03832798859730445,15.846713213250041,39.276790178317974
attention_microbench,cross,bert_large,1024,16,16,64,1,4096,1,1024,1024,1024,float16,cuda,cross_attn.out_projection,5,0.6790175568312407,0.6090339738875628,0.8698739111423492,0.09841416784313933,3.3950877841562033,8.414877504300149
attention_microbench,cross,bert_large,1024,16,16,64,1,4096,1,1024,1024,1024,float16,cuda,cross_attn.q_proj,5,0.6215766072273254,0.5839799996465445,0.6597170140594244,0.026556620155296397,3.107883036136627,7.703027641531791
attention_microbench,cross,bert_large,1024,16,16,64,1,4096,1,1024,1024,1024,float16,cuda,cross_attn.softmax,5,1.4295876026153564,1.4195209369063377,1.4392000157386065,0.007498004288761143,7.147938013076782,17.716485290621385
attention_microbench,cross,bert_large,1024,16,16,64,1,4096,1,1024,1024,1024,float16,cuda,cross_attn.v_proj,5,0.6235986482352018,0.5786051042377949,0.6462461315095425,0.024475945585648123,3.117993241176009,7.728086238645768
attention_microbench,cross,bert_large,1024,16,16,64,1,4096,1,1024,1024,1024,float16,cuda,cross_attn.weighted_sum,5,0.9238791652023792,0.9123350027948618,0.9403638541698456,0.009897304370737018,4.619395826011896,11.449379954523462
