architecture,model_family,shape_name,d_model,num_heads,num_kv_heads,head_dim,num_layers,d_ff,batch_size,seq_len,encoder_seq_len,decoder_seq_len,dtype,device,operation_key,count,avg_ms,min_ms,max_ms,std_ms,total_ms,pct_total
attention_microbench,cross,bert_large,1024,16,16,64,1,4096,1,256,256,256,float16,cuda,cross_attn.k_proj,5,0.24821460247039795,0.244074035435915,0.2530969213694334,0.003422922499470621,1.2410730123519897,15.184278696426519
attention_microbench,cross,bert_large,1024,16,16,64,1,4096,1,256,256,256,float16,cuda,cross_attn.matmul_qk,5,0.321026798337698,0.3136671148240566,0.32800203189253807,0.0049247481015670174,1.60513399168849,19.638491557169605
attention_microbench,cross,bert_large,1024,16,16,64,1,4096,1,256,256,256,float16,cuda,cross_attn.out_projection,5,0.2580313943326473,0.23895502090454102,0.26739994063973427,0.009930722091497474,1.2901569716632366,15.78481106663219
attention_microbench,cross,bert_large,1024,16,16,64,1,4096,1,256,256,256,float16,cuda,cross_attn.q_proj,5,0.24328036233782768,0.24032988585531712,0.24884194135665894,0.0029389368239126318,1.2164018116891384,14.88243151828971
attention_microbench,cross,bert_large,1024,16,16,64,1,4096,1,256,256,256,float16,cuda,cross_attn.softmax,5,0.15967180952429771,0.15534600242972374,0.16216118820011616,0.00231468916379484,0.7983590476214886,9.767762378399203
attention_microbench,cross,bert_large,1024,16,16,64,1,4096,1,256,256,256,float16,cuda,cross_attn.v_proj,5,0.2403046004474163,0.23716199211776257,0.24436204694211483,0.003187060759413498,1.2015230022370815,14.700392277131044
attention_microbench,cross,bert_large,1024,16,16,64,1,4096,1,256,256,256,float16,cuda,cross_attn.weighted_sum,5,0.1641519833356142,0.15934603288769722,0.16910512931644917,0.0039001687460156658,0.820759916678071,10.041832505951726
