architecture,model_family,shape_name,d_model,num_heads,num_kv_heads,head_dim,num_layers,d_ff,batch_size,seq_len,encoder_seq_len,decoder_seq_len,dtype,device,operation_key,count,avg_ms,min_ms,max_ms,std_ms,total_ms,pct_total
attention_microbench,cross,gpt2_medium,1024,16,16,64,1,4096,1,2048,2048,2048,float16,cuda,cross_attn.k_proj,5,0.4894242621958256,0.42902003042399883,0.6148279644548893,0.07539980372380309,2.447121310979128,2.314009340478851
attention_microbench,cross,gpt2_medium,1024,16,16,64,1,4096,1,2048,2048,2048,float16,cuda,cross_attn.matmul_qk,5,5.892826616764069,5.263106897473335,7.350865984335542,0.8287098866080465,29.464133083820343,27.861421850718266
attention_microbench,cross,gpt2_medium,1024,16,16,64,1,4096,1,2048,2048,2048,float16,cuda,cross_attn.out_projection,5,0.5457456689327955,0.4608889576047659,0.7770219817757607,0.11986370868207548,2.7287283446639776,2.580298266723604
attention_microbench,cross,gpt2_medium,1024,16,16,64,1,4096,1,2048,2048,2048,float16,cuda,cross_attn.q_proj,5,0.48607122153043747,0.4226530436426401,0.5921740084886551,0.07069041767091584,2.4303561076521873,2.298156085914186
attention_microbench,cross,gpt2_medium,1024,16,16,64,1,4096,1,2048,2048,2048,float16,cuda,cross_attn.softmax,5,11.731488397344947,10.619614040479064,13.843918917700648,1.2512838454625301,58.657441986724734,55.46675109112932
attention_microbench,cross,gpt2_medium,1024,16,16,64,1,4096,1,2048,2048,2048,float16,cuda,cross_attn.v_proj,5,0.5001817364245653,0.4420429468154907,0.6002378650009632,0.05959526072134897,2.5009086821228266,2.36487092983607
attention_microbench,cross,gpt2_medium,1024,16,16,64,1,4096,1,2048,2048,2048,float16,cuda,cross_attn.weighted_sum,5,1.5047498513013124,1.4191439840942621,1.7201751470565796,0.11620182302612478,7.523749256506562,7.114492435199707
