architecture,model_family,shape_name,d_model,num_heads,num_kv_heads,head_dim,num_layers,d_ff,batch_size,seq_len,encoder_seq_len,decoder_seq_len,dtype,device,operation_key,count,avg_ms,min_ms,max_ms,std_ms,total_ms,pct_total
attention_microbench,cross,t5_base,768,12,12,64,1,3072,1,128,128,128,float16,cuda,cross_attn.k_proj,5,0.18034540116786957,0.17800298519432545,0.18357089720666409,0.002018490222625928,0.9017270058393478,14.992609935436617
attention_microbench,cross,t5_base,768,12,12,64,1,3072,1,128,128,128,float16,cuda,cross_attn.matmul_qk,5,0.24156980216503143,0.23307092487812042,0.2549579367041588,0.007943566920203262,1.2078490108251572,20.08236302443715
attention_microbench,cross,t5_base,768,12,12,64,1,3072,1,128,128,128,float16,cuda,cross_attn.out_projection,5,0.15567517839372158,0.15099789015948772,0.1673479564487934,0.006038339138137689,0.7783758919686079,12.941706365520568
attention_microbench,cross,t5_base,768,12,12,64,1,3072,1,128,128,128,float16,cuda,cross_attn.q_proj,5,0.1823417842388153,0.17790705896914005,0.19272207282483578,0.005475039434991648,0.9117089211940765,15.158574758884143
attention_microbench,cross,t5_base,768,12,12,64,1,3072,1,128,128,128,float16,cuda,cross_attn.softmax,5,0.09696600027382374,0.09359302930533886,0.10373699478805065,0.0038869880446667027,0.4848300013691187,8.06105068213896
attention_microbench,cross,t5_base,768,12,12,64,1,3072,1,128,128,128,float16,cuda,cross_attn.v_proj,5,0.1865210011601448,0.17557106912136078,0.20235287956893444,0.009511944408282335,0.932605005800724,15.506004572626644
attention_microbench,cross,t5_base,768,12,12,64,1,3072,1,128,128,128,float16,cuda,cross_attn.weighted_sum,5,0.159476138651371,0.15538092702627182,0.16446784138679504,0.003984511138706151,0.797380693256855,13.257690660955916
