architecture,model_family,shape_name,d_model,num_heads,num_kv_heads,head_dim,num_layers,d_ff,batch_size,seq_len,encoder_seq_len,decoder_seq_len,phase,phase_tokens,timed_repeats,dtype,device,operation_key,count,avg_ms,min_ms,max_ms,std_ms,total_ms,avg_total_ms_per_repeat,avg_total_ms_per_token,pct_total
attention_microbench,cross,bert_large,1024,16,16,64,1,4096,1,128,128,128,attention_microbench,128,5,float16,cuda,cross_attn.k_proj,5,0.20628096535801888,0.20134588703513145,0.21011498756706715,0.0032302741216150748,1.0314048267900944,0.20628096535801888,0.0016115700418595225,14.761817835132437
attention_microbench,cross,bert_large,1024,16,16,64,1,4096,1,128,128,128,attention_microbench,128,5,float16,cuda,cross_attn.matmul_qk,5,0.2705187536776066,0.26307487860322,0.28358795680105686,0.007869848336774319,1.352593768388033,0.2705187536776066,0.0021134277631063014,19.35878356902723
attention_microbench,cross,bert_large,1024,16,16,64,1,4096,1,128,128,128,attention_microbench,128,5,float16,cuda,cross_attn.out_projection,5,0.2132830210030079,0.20643509924411774,0.22441893815994263,0.00663473985895452,1.0664151050150394,0.2132830210030079,0.0016662736015859991,15.262896883911333
attention_microbench,cross,bert_large,1024,16,16,64,1,4096,1,128,128,128,attention_microbench,128,5,float16,cuda,cross_attn.q_proj,5,0.20893095061182976,0.20291516557335854,0.21737883798778057,0.005264768951752972,1.0446547530591488,0.20893095061182976,0.00163227305165492,14.951455301268247
attention_microbench,cross,bert_large,1024,16,16,64,1,4096,1,128,128,128,attention_microbench,128,5,float16,cuda,cross_attn.softmax,5,0.10708635672926903,0.1001299824565649,0.11805002577602863,0.005967591138609432,0.5354317836463451,0.10708635672926903,0.0008366121619474143,7.663282397005842
attention_microbench,cross,bert_large,1024,16,16,64,1,4096,1,128,128,128,attention_microbench,128,5,float16,cuda,cross_attn.v_proj,5,0.21112621761858463,0.205538934096694,0.21718721836805344,0.004888019790432288,1.0556310880929232,0.21112621761858463,0.0016494235751451924,15.108552353809902
attention_microbench,cross,bert_large,1024,16,16,64,1,4096,1,128,128,128,attention_microbench,128,5,float16,cuda,cross_attn.weighted_sum,5,0.1801691483706236,0.17709098756313324,0.1880668569356203,0.004106579490185982,0.9008457418531179,0.1801691483706236,0.0014075714716454968,12.89321165984501
