architecture,model_family,shape_name,d_model,num_heads,num_kv_heads,head_dim,num_layers,d_ff,batch_size,seq_len,encoder_seq_len,decoder_seq_len,phase,phase_tokens,timed_repeats,dtype,device,operation_key,count,avg_ms,min_ms,max_ms,std_ms,total_ms,avg_total_ms_per_repeat,avg_total_ms_per_token,pct_total
attention_microbench,cross,gpt2_medium,1024,16,16,64,1,4096,1,8192,8192,8192,attention_microbench,8192,5,float16,cuda,cross_attn.k_proj,5,1.244700187817216,1.097709871828556,1.2902880553156137,0.07380694543730312,6.22350093908608,1.244700187817216,0.00015194094089565624,0.8580530358460728
attention_microbench,cross,gpt2_medium,1024,16,16,64,1,4096,1,8192,8192,8192,attention_microbench,8192,5,float16,cuda,cross_attn.matmul_qk,5,52.658940805122256,52.54893098026514,52.75146011263132,0.0871178227740411,263.2947040256113,52.658940805122256,0.006428093360000275,36.301243033883985
attention_microbench,cross,gpt2_medium,1024,16,16,64,1,4096,1,8192,8192,8192,attention_microbench,8192,5,float16,cuda,cross_attn.out_projection,5,1.222216710448265,1.1207179632037878,1.2993759009987116,0.08011515566161362,6.111083552241325,1.222216710448265,0.00014919637578714173,0.8425537082155079
attention_microbench,cross,gpt2_medium,1024,16,16,64,1,4096,1,8192,8192,8192,attention_microbench,8192,5,float16,cuda,cross_attn.q_proj,5,1.233986672013998,1.074605155736208,1.3001121114939451,0.08086039666337533,6.16993336006999,1.233986672013998,0.00015063313867358374,0.8506675105207678
attention_microbench,cross,gpt2_medium,1024,16,16,64,1,4096,1,8192,8192,8192,attention_microbench,8192,5,float16,cuda,cross_attn.softmax,5,68.3256920427084,68.28416115604341,68.34739586338401,0.021945946360553574,341.628460213542,68.3256920427084,0.008340538579432177,47.10135666191382
attention_microbench,cross,gpt2_medium,1024,16,16,64,1,4096,1,8192,8192,8192,attention_microbench,8192,5,float16,cuda,cross_attn.v_proj,5,1.224776403978467,1.069741090759635,1.2977761216461658,0.07958675100603638,6.123882019892335,1.224776403978467,0.0001495088383762777,0.8443182719441251
attention_microbench,cross,gpt2_medium,1024,16,16,64,1,4096,1,8192,8192,8192,attention_microbench,8192,5,float16,cuda,cross_attn.weighted_sum,5,19.150672433897853,18.93101492896676,19.424301106482744,0.16103291205784132,95.75336216948926,19.150672433897853,0.0023377285685910465,13.201807777675723
