architecture,model_family,shape_name,d_model,num_heads,num_kv_heads,head_dim,num_layers,d_ff,batch_size,seq_len,encoder_seq_len,decoder_seq_len,dtype,device,operation_key,count,avg_ms,min_ms,max_ms,std_ms,total_ms,pct_total
attention_microbench,cross,bart_large,1024,16,16,64,1,4096,1,256,256,256,float16,cuda,cross_attn.k_proj,5,0.24894345551729202,0.245935982093215,0.25425502099096775,0.003114434782976794,1.2447172775864601,15.171661055121794
attention_microbench,cross,bart_large,1024,16,16,64,1,4096,1,256,256,256,float16,cuda,cross_attn.matmul_qk,5,0.3142125904560089,0.30945101752877235,0.31773908995091915,0.003018240501445853,1.5710629522800446,19.149436613003193
attention_microbench,cross,bart_large,1024,16,16,64,1,4096,1,256,256,256,float16,cuda,cross_attn.out_projection,5,0.26193480007350445,0.2581269945949316,0.26750192046165466,0.003620348380526429,1.3096740003675222,15.963408224564718
attention_microbench,cross,bart_large,1024,16,16,64,1,4096,1,256,256,256,float16,cuda,cross_attn.q_proj,5,0.2451166044920683,0.24142395704984665,0.25147199630737305,0.00346518253145144,1.2255830224603415,14.938436660680514
attention_microbench,cross,bart_large,1024,16,16,64,1,4096,1,256,256,256,float16,cuda,cross_attn.softmax,5,0.15837699174880981,0.15451805666089058,0.16197306104004383,0.0029399678584341,0.7918849587440491,9.65215989610885
attention_microbench,cross,bart_large,1024,16,16,64,1,4096,1,256,256,256,float16,cuda,cross_attn.v_proj,5,0.2473881933838129,0.23787212558090687,0.26017380878329277,0.007664545630939793,1.2369409669190645,15.076876840401306
attention_microbench,cross,bart_large,1024,16,16,64,1,4096,1,256,256,256,float16,cuda,cross_attn.weighted_sum,5,0.16487245447933674,0.1599579118192196,0.1703561283648014,0.004296193581534841,0.8243622723966837,10.048020710119625
