architecture,model_family,shape_name,d_model,num_heads,num_kv_heads,head_dim,num_layers,d_ff,batch_size,seq_len,encoder_seq_len,decoder_seq_len,dtype,device,operation_key,count,avg_ms,min_ms,max_ms,std_ms,total_ms,pct_total
attention_microbench,cross,t5_base,768,12,12,64,1,3072,1,1024,1024,1024,float16,cuda,cross_attn.k_proj,5,0.37297802045941353,0.36455015651881695,0.38157287053763866,0.0055607483896166505,1.8648901022970676,6.543317682068988
attention_microbench,cross,t5_base,768,12,12,64,1,3072,1,1024,1024,1024,float16,cuda,cross_attn.matmul_qk,5,2.392552560195327,2.382261911407113,2.4095559492707253,0.009817481610865566,11.962762800976634,41.97360330542338
attention_microbench,cross,t5_base,768,12,12,64,1,3072,1,1024,1024,1024,float16,cuda,cross_attn.out_projection,5,0.38561071269214153,0.3768049646168947,0.3930279053747654,0.006926616948358428,1.9280535634607077,6.764938565671536
attention_microbench,cross,t5_base,768,12,12,64,1,3072,1,1024,1024,1024,float16,cuda,cross_attn.q_proj,5,0.3651063423603773,0.3593019209802151,0.37088501267135143,0.004752185170186597,1.8255317118018866,6.405221366287336
attention_microbench,cross,t5_base,768,12,12,64,1,3072,1,1024,1024,1024,float16,cuda,cross_attn.softmax,5,1.1003883555531502,1.0916658211499453,1.1201119050383568,0.010501545625722856,5.501941777765751,19.30459756090976
attention_microbench,cross,t5_base,768,12,12,64,1,3072,1,1024,1024,1024,float16,cuda,cross_attn.v_proj,5,0.36439006216824055,0.3541500773280859,0.38038892671465874,0.00970644219956537,1.8219503108412027,6.392655347408391
attention_microbench,cross,t5_base,768,12,12,64,1,3072,1,1024,1024,1024,float16,cuda,cross_attn.weighted_sum,5,0.7191101554781199,0.7107970304787159,0.7376749999821186,0.010200957800910068,3.5955507773905993,12.615666172230613
