architecture,model_family,shape_name,d_model,num_heads,num_kv_heads,head_dim,num_layers,d_ff,batch_size,seq_len,encoder_seq_len,decoder_seq_len,phase,phase_tokens,timed_repeats,dtype,device,operation_key,count,avg_ms,min_ms,max_ms,std_ms,total_ms,avg_total_ms_per_repeat,avg_total_ms_per_token,pct_total
attention_microbench,cross,t5_base,768,12,12,64,1,3072,1,8192,8192,8192,attention_microbench,8192,5,float16,cuda,cross_attn.k_proj,5,0.8040070068091154,0.7176699582487345,0.9303449187427759,0.09234741340589517,4.020035034045577,0.8040070068091154,9.814538657337835e-05,0.7416462753289639
attention_microbench,cross,t5_base,768,12,12,64,1,3072,1,8192,8192,8192,attention_microbench,8192,5,float16,cuda,cross_attn.matmul_qk,5,39.7155727725476,39.59514293819666,39.778599981218576,0.06594411586927221,198.577863862738,39.7155727725476,0.004848092379461377,36.63513672127664
attention_microbench,cross,t5_base,768,12,12,64,1,3072,1,8192,8192,8192,attention_microbench,8192,5,float16,cuda,cross_attn.out_projection,5,0.7874374277889729,0.7334460970014334,0.9396879468113184,0.07739068881420035,3.9371871389448643,0.7874374277889729,9.61227328843961e-05,0.7263618730041279
attention_microbench,cross,t5_base,768,12,12,64,1,3072,1,8192,8192,8192,attention_microbench,8192,5,float16,cuda,cross_attn.q_proj,5,0.7864202838391066,0.7097350899130106,0.9046480990946293,0.0918337460764843,3.932101419195533,0.7864202838391066,9.599856980457844e-05,0.7254236212034557
attention_microbench,cross,t5_base,768,12,12,64,1,3072,1,8192,8192,8192,attention_microbench,8192,5,float16,cuda,cross_attn.softmax,5,51.07952859252691,50.922540947794914,51.152432104572654,0.08265716326129993,255.39764296263456,51.07952859252691,0.006235294017642445,47.1176765940809
attention_microbench,cross,t5_base,768,12,12,64,1,3072,1,8192,8192,8192,attention_microbench,8192,5,float16,cuda,cross_attn.v_proj,5,0.7969738449901342,0.7167109288275242,0.9011919610202312,0.08354248994087433,3.984869224950671,0.7969738449901342,9.728684631227225e-05,0.7351586225813409
attention_microbench,cross,t5_base,768,12,12,64,1,3072,1,8192,8192,8192,attention_microbench,8192,5,float16,cuda,cross_attn.weighted_sum,5,14.438479766249657,14.379874803125858,14.570531900972128,0.07181247474737888,72.19239883124828,14.438479766249657,0.0017625097370910225,13.318596292524576
