architecture,model_family,shape_name,d_model,num_heads,num_kv_heads,head_dim,num_layers,d_ff,batch_size,seq_len,encoder_seq_len,decoder_seq_len,dtype,device,operation_key,count,avg_ms,min_ms,max_ms,std_ms,total_ms,pct_total
attention_microbench,cross,t5_base,768,12,12,64,1,3072,1,256,256,256,float16,cuda,cross_attn.k_proj,5,0.20598825067281723,0.19844900816679,0.21575996652245522,0.00642419539390859,1.0299412533640862,14.748154606967116
attention_microbench,cross,t5_base,768,12,12,64,1,3072,1,256,256,256,float16,cuda,cross_attn.matmul_qk,5,0.27842484414577484,0.2697410527616739,0.2865400165319443,0.005706427779757966,1.3921242207288742,19.934402250955582
attention_microbench,cross,t5_base,768,12,12,64,1,3072,1,256,256,256,float16,cuda,cross_attn.out_projection,5,0.1964594703167677,0.18869014456868172,0.21332921460270882,0.00891004664734763,0.9822973515838385,14.065921880353672
attention_microbench,cross,t5_base,768,12,12,64,1,3072,1,256,256,256,float16,cuda,cross_attn.q_proj,5,0.20041423849761486,0.19563408568501472,0.20472100004553795,0.0030549969357651255,1.0020711924880743,14.34907168319602
attention_microbench,cross,t5_base,768,12,12,64,1,3072,1,256,256,256,float16,cuda,cross_attn.softmax,5,0.14049517922103405,0.13314210809767246,0.1490770373493433,0.005379539636690952,0.7024758961051702,10.059042775097447
attention_microbench,cross,t5_base,768,12,12,64,1,3072,1,256,256,256,float16,cuda,cross_attn.v_proj,5,0.2000688575208187,0.19150599837303162,0.20779320038855076,0.006382887222368777,1.0003442876040936,14.324343418222375
attention_microbench,cross,t5_base,768,12,12,64,1,3072,1,256,256,256,float16,cuda,cross_attn.weighted_sum,5,0.17485441640019417,0.17074006609618664,0.18382701091468334,0.004998316873158895,0.8742720820009708,12.51906338520779
