architecture,model_family,shape_name,d_model,num_heads,num_kv_heads,head_dim,num_layers,d_ff,batch_size,seq_len,encoder_seq_len,decoder_seq_len,dtype,device,operation_key,count,avg_ms,min_ms,max_ms,std_ms,total_ms,pct_total
attention_microbench,cross,bert_large,1024,16,16,64,1,4096,1,4096,4096,4096,float16,cuda,cross_attn.k_proj,5,0.8279720321297646,0.6914271507412195,0.9317579679191113,0.11009995194758106,4.139860160648823,1.5080841889130505
attention_microbench,cross,bert_large,1024,16,16,64,1,4096,1,4096,4096,4096,float16,cuda,cross_attn.matmul_qk,5,16.997619345784187,16.85675489716232,17.11231586523354,0.10918307877468963,84.98809672892094,30.959790898495278
attention_microbench,cross,bert_large,1024,16,16,64,1,4096,1,4096,4096,4096,float16,cuda,cross_attn.out_projection,5,0.8242918644100428,0.6905309855937958,0.9369091130793095,0.10688257023311731,4.121459322050214,1.5013810606245448
attention_microbench,cross,bert_large,1024,16,16,64,1,4096,1,4096,4096,4096,float16,cuda,cross_attn.q_proj,5,0.8224684279412031,0.6777008529752493,0.9145750664174557,0.10675761145001472,4.112342139706016,1.498059818358582
attention_microbench,cross,bert_large,1024,16,16,64,1,4096,1,4096,4096,4096,float16,cuda,cross_attn.softmax,5,29.718233551830053,28.352350927889347,30.188380973413587,0.6932457899788123,148.59116775915027,54.12936234894002
attention_microbench,cross,bert_large,1024,16,16,64,1,4096,1,4096,4096,4096,float16,cuda,cross_attn.v_proj,5,0.8228073827922344,0.6906278431415558,0.9080159943550825,0.10138327451993304,4.114036913961172,1.4986771972455002
attention_microbench,cross,bert_large,1024,16,16,64,1,4096,1,4096,4096,4096,float16,cuda,cross_attn.weighted_sum,5,4.888849472627044,4.068057984113693,5.212597083300352,0.42125926545358255,24.44424736313522,8.904644487423027
