architecture,model_family,shape_name,d_model,num_heads,num_kv_heads,head_dim,num_layers,d_ff,batch_size,seq_len,encoder_seq_len,decoder_seq_len,dtype,device,operation_key,count,avg_ms,min_ms,max_ms,std_ms,total_ms,pct_total
attention_microbench,cross,gpt3_2p7b,2560,32,32,80,1,10240,1,256,256,256,float16,cuda,cross_attn.k_proj,5,0.7044737692922354,0.6990469992160797,0.7078140042722225,0.0032641081046004576,3.522368846461177,17.72042877498075
attention_microbench,cross,gpt3_2p7b,2560,32,32,80,1,10240,1,256,256,256,float16,cuda,cross_attn.matmul_qk,5,0.5168731790035963,0.51496597006917,0.5197979044169188,0.0017459576836755092,2.5843658950179815,13.001498073424514
attention_microbench,cross,gpt3_2p7b,2560,32,32,80,1,10240,1,256,256,256,float16,cuda,cross_attn.out_projection,5,0.7329000160098076,0.7233649957925081,0.7562269456684589,0.012301839425043306,3.664500080049038,18.43546644175555
attention_microbench,cross,gpt3_2p7b,2560,32,32,80,1,10240,1,256,256,256,float16,cuda,cross_attn.q_proj,5,0.6949573289602995,0.6870478391647339,0.7126459386199713,0.00917392361497717,3.4747866448014975,17.48105094369138
attention_microbench,cross,gpt3_2p7b,2560,32,32,80,1,10240,1,256,256,256,float16,cuda,cross_attn.softmax,5,0.3028488252311945,0.2913039643317461,0.33200508914887905,0.014811815363194845,1.5142441261559725,7.617900440051382
attention_microbench,cross,gpt3_2p7b,2560,32,32,80,1,10240,1,256,256,256,float16,cuda,cross_attn.v_proj,5,0.7053502835333347,0.6971259135752916,0.71287015452981,0.0057471346103808016,3.5267514176666737,17.742476733125823
attention_microbench,cross,gpt3_2p7b,2560,32,32,80,1,10240,1,256,256,256,float16,cuda,cross_attn.weighted_sum,5,0.3180860076099634,0.3057990688830614,0.34323614090681076,0.013712052249523887,1.590430038049817,8.001178592970598
