architecture,model_family,shape_name,d_model,num_heads,num_kv_heads,head_dim,num_layers,d_ff,batch_size,seq_len,encoder_seq_len,decoder_seq_len,dtype,device,operation_key,count,avg_ms,min_ms,max_ms,std_ms,total_ms,pct_total
attention_microbench,cross,t5_base,768,12,12,64,1,3072,1,512,512,512,float16,cuda,cross_attn.k_proj,5,0.26234942488372326,0.2572620287537575,0.2737089525908232,0.00598793184914926,1.3117471244186163,11.000979169002507
attention_microbench,cross,t5_base,768,12,12,64,1,3072,1,512,512,512,float16,cuda,cross_attn.matmul_qk,5,0.7134143728762865,0.7120128720998764,0.7165251299738884,0.001658973738018161,3.5670718643814325,29.915280578020962
attention_microbench,cross,t5_base,768,12,12,64,1,3072,1,512,512,512,float16,cuda,cross_attn.out_projection,5,0.27201883494853973,0.2626690547913313,0.29280991293489933,0.010665182409357815,1.3600941747426987,11.406442145514598
attention_microbench,cross,t5_base,768,12,12,64,1,3072,1,512,512,512,float16,cuda,cross_attn.q_proj,5,0.24783480912446976,0.24071801453828812,0.2544459421187639,0.004977489049870885,1.2391740456223488,10.392344384747146
attention_microbench,cross,t5_base,768,12,12,64,1,3072,1,512,512,512,float16,cuda,cross_attn.softmax,5,0.3338127862662077,0.3305678255856037,0.3401041030883789,0.0034401409822336793,1.6690639313310385,13.997619814447221
attention_microbench,cross,t5_base,768,12,12,64,1,3072,1,512,512,512,float16,cuda,cross_attn.v_proj,5,0.24642720818519592,0.24359882809221745,0.249902019277215,0.0023996418194561194,1.2321360409259796,10.333320094459172
attention_microbench,cross,t5_base,768,12,12,64,1,3072,1,512,512,512,float16,cuda,cross_attn.weighted_sum,5,0.30892505310475826,0.2973868977278471,0.34455209970474243,0.018153078484182333,1.5446252655237913,12.954013813808396
