architecture,model_family,shape_name,d_model,num_heads,num_kv_heads,head_dim,num_layers,d_ff,batch_size,seq_len,encoder_seq_len,decoder_seq_len,dtype,device,operation_key,count,avg_ms,min_ms,max_ms,std_ms,total_ms,pct_total
attention_microbench,cross,bart_large,1024,16,16,64,1,4096,1,2048,2048,2048,float16,cuda,cross_attn.k_proj,5,0.4826820455491543,0.4284840542823076,0.603608088567853,0.06488887887157972,2.4134102277457714,2.193403513589117
attention_microbench,cross,bart_large,1024,16,16,64,1,4096,1,2048,2048,2048,float16,cuda,cross_attn.matmul_qk,5,5.738178640604019,5.280934972688556,7.399900117889047,0.832614389533893,28.690893203020096,26.07542855169482
attention_microbench,cross,bart_large,1024,16,16,64,1,4096,1,2048,2048,2048,float16,cuda,cross_attn.out_projection,5,0.5320931319147348,0.47043291851878166,0.6220389623194933,0.07321731878267528,2.660465659573674,2.4179373479090076
attention_microbench,cross,bart_large,1024,16,16,64,1,4096,1,2048,2048,2048,float16,cuda,cross_attn.q_proj,5,0.48207398504018784,0.4336358979344368,0.6132719572633505,0.06685208682681848,2.410369925200939,2.190640365323835
attention_microbench,cross,bart_large,1024,16,16,64,1,4096,1,2048,2048,2048,float16,cuda,cross_attn.softmax,5,12.752831215038896,10.618634056299925,16.001738840714097,2.5996530640190976,63.76415607519448,57.95140932464354
attention_microbench,cross,bart_large,1024,16,16,64,1,4096,1,2048,2048,2048,float16,cuda,cross_attn.v_proj,5,0.46206903643906116,0.4234600346535444,0.5949689075350761,0.0666052691547149,2.310345182195306,2.0997338877461176
attention_microbench,cross,bart_large,1024,16,16,64,1,4096,1,2048,2048,2048,float16,cuda,cross_attn.weighted_sum,5,1.5561480075120926,1.417187973856926,1.7732600681483746,0.1645795377630781,7.780740037560463,7.071447009093557
