architecture,model_family,shape_name,d_model,num_heads,num_kv_heads,head_dim,num_layers,d_ff,batch_size,seq_len,encoder_seq_len,decoder_seq_len,dtype,device,operation_key,count,avg_ms,min_ms,max_ms,std_ms,total_ms,pct_total
attention_microbench,cross,gpt3_2p7b,2560,32,32,80,1,10240,1,4096,4096,4096,float16,cuda,cross_attn.k_proj,5,2.987346425652504,2.8605731204152107,3.0916579999029636,0.10067322202577741,14.93673212826252,2.841260078695371
attention_microbench,cross,gpt3_2p7b,2560,32,32,80,1,10240,1,4096,4096,4096,float16,cuda,cross_attn.matmul_qk,5,30.12061254121363,27.807067846879363,33.90783118084073,2.7821071202989476,150.60306270606816,28.647663098031458
attention_microbench,cross,gpt3_2p7b,2560,32,32,80,1,10240,1,4096,4096,4096,float16,cuda,cross_attn.out_projection,5,2.971559064462781,2.8286390006542206,3.10141802765429,0.11023382316636024,14.857795322313905,2.8262447464556533
attention_microbench,cross,gpt3_2p7b,2560,32,32,80,1,10240,1,4096,4096,4096,float16,cuda,cross_attn.q_proj,5,2.983161387965083,2.847229829058051,3.1015139538794756,0.11115679657287228,14.915806939825416,2.83727969650501
attention_microbench,cross,gpt3_2p7b,2560,32,32,80,1,10240,1,4096,4096,4096,float16,cuda,cross_attn.softmax,5,54.843164747580886,54.336093831807375,56.28973012790084,0.7331899028455372,274.21582373790443,52.16124023934701
attention_microbench,cross,gpt3_2p7b,2560,32,32,80,1,10240,1,4096,4096,4096,float16,cuda,cross_attn.v_proj,5,2.971277618780732,2.8291200287640095,3.0786991119384766,0.10765841799298685,14.85638809390366,2.825977063948576
attention_microbench,cross,gpt3_2p7b,2560,32,32,80,1,10240,1,4096,4096,4096,float16,cuda,cross_attn.weighted_sum,5,8.264482393860817,7.69170792773366,10.117019060999155,0.9311635057549015,41.322411969304085,7.860335077016919
