architecture,model_family,shape_name,d_model,num_heads,num_kv_heads,head_dim,num_layers,d_ff,batch_size,seq_len,encoder_seq_len,decoder_seq_len,phase,phase_tokens,timed_repeats,dtype,device,operation_key,count,avg_ms,min_ms,max_ms,std_ms,total_ms,avg_total_ms_per_repeat,avg_total_ms_per_token,pct_total
attention_microbench,cross,gpt2_medium,1024,16,16,64,1,4096,1,256,256,256,attention_microbench,256,5,float16,cuda,cross_attn.k_proj,5,0.2479005604982376,0.2418269868940115,0.25654700584709644,0.005395355990318863,1.239502802491188,0.2479005604982376,0.0009683615644462407,15.36233030806216
attention_microbench,cross,gpt2_medium,1024,16,16,64,1,4096,1,256,256,256,attention_microbench,256,5,float16,cuda,cross_attn.matmul_qk,5,0.31291255727410316,0.30448311008512974,0.3323238343000412,0.010091244713118518,1.5645627863705158,0.31291255727410316,0.0012223146768519655,19.391106065770135
attention_microbench,cross,gpt2_medium,1024,16,16,64,1,4096,1,256,256,256,attention_microbench,256,5,float16,cuda,cross_attn.out_projection,5,0.24251211434602737,0.23417919874191284,0.26458012871444225,0.011180260876270281,1.2125605717301369,0.24251211434602737,0.0009473129466641694,15.028409765603167
attention_microbench,cross,gpt2_medium,1024,16,16,64,1,4096,1,256,256,256,attention_microbench,256,5,float16,cuda,cross_attn.q_proj,5,0.24404805153608322,0.24109100922942162,0.2486109733581543,0.0025211761351708723,1.220240257680416,0.24404805153608322,0.0009533127013128251,15.12359137551422
attention_microbench,cross,gpt2_medium,1024,16,16,64,1,4096,1,256,256,256,attention_microbench,256,5,float16,cuda,cross_attn.softmax,5,0.15670601278543472,0.15123398043215275,0.16390602104365826,0.004384631821834173,0.7835300639271736,0.15670601278543472,0.0006121328624431044,9.711028990135643
attention_microbench,cross,gpt2_medium,1024,16,16,64,1,4096,1,256,256,256,attention_microbench,256,5,float16,cuda,cross_attn.v_proj,5,0.2436768263578415,0.2392670139670372,0.2501159906387329,0.0043557442836967535,1.2183841317892075,0.2436768263578415,0.0009518626029603183,15.100586652187427
attention_microbench,cross,gpt2_medium,1024,16,16,64,1,4096,1,256,256,256,attention_microbench,256,5,float16,cuda,cross_attn.weighted_sum,5,0.16593500040471554,0.16115396283566952,0.1739871222525835,0.004829659016587527,0.8296750020235777,0.16593500040471554,0.0006481835953309201,10.28294684272725
