architecture,model_family,shape_name,d_model,num_heads,num_kv_heads,head_dim,num_layers,d_ff,batch_size,seq_len,encoder_seq_len,decoder_seq_len,phase,phase_tokens,timed_repeats,dtype,device,operation_key,count,avg_ms,min_ms,max_ms,std_ms,total_ms,avg_total_ms_per_repeat,avg_total_ms_per_token,pct_total
attention_microbench,cross,t5_large,1024,16,16,64,1,4096,1,1024,1024,1024,attention_microbench,1024,5,float16,cuda,cross_attn.k_proj,5,0.6278583779931068,0.6183739751577377,0.645957887172699,0.010261447996989328,3.139291889965534,0.6278583779931068,0.0006131429472588934,7.868032166533555
attention_microbench,cross,t5_large,1024,16,16,64,1,4096,1,1024,1024,1024,attention_microbench,1024,5,float16,cuda,cross_attn.matmul_qk,5,3.1507156789302826,3.1220761593431234,3.173692151904106,0.018261111342652705,15.753578394651413,3.1507156789302826,0.003076870780205354,39.48331849718065
attention_microbench,cross,t5_large,1024,16,16,64,1,4096,1,1024,1024,1024,attention_microbench,1024,5,float16,cuda,cross_attn.out_projection,5,0.6170742679387331,0.6046460475772619,0.628837151452899,0.008086416356831402,3.0853713396936655,0.6170742679387331,0.000602611589783919,7.732890663657596
attention_microbench,cross,t5_large,1024,16,16,64,1,4096,1,1024,1024,1024,attention_microbench,1024,5,float16,cuda,cross_attn.q_proj,5,0.6127860397100449,0.5710769910365343,0.6321659311652184,0.02262039491404474,3.0639301985502243,0.6127860397100449,0.0005984238669043407,7.679152561526025
attention_microbench,cross,t5_large,1024,16,16,64,1,4096,1,1024,1024,1024,attention_microbench,1024,5,float16,cuda,cross_attn.softmax,5,1.4323518611490726,1.4288451056927443,1.4348600525408983,0.0022720157437756713,7.161759305745363,1.4323518611490726,0.0013987811144033913,17.949574159284115
attention_microbench,cross,t5_large,1024,16,16,64,1,4096,1,1024,1024,1024,attention_microbench,1024,5,float16,cuda,cross_attn.v_proj,5,0.6205557845532894,0.583781162276864,0.634053023532033,0.018786461127794085,3.102778922766447,0.6205557845532894,0.0006060115083528217,7.776519427200114
attention_microbench,cross,t5_large,1024,16,16,64,1,4096,1,1024,1024,1024,attention_microbench,1024,5,float16,cuda,cross_attn.weighted_sum,5,0.918523408472538,0.9103440679609776,0.9335449431091547,0.008592016091722419,4.59261704236269,0.918523408472538,0.0008969955160864629,11.510512524617953
