architecture,model_family,shape_name,d_model,num_heads,num_kv_heads,head_dim,num_layers,d_ff,batch_size,seq_len,encoder_seq_len,decoder_seq_len,dtype,device,operation_key,count,avg_ms,min_ms,max_ms,std_ms,total_ms,pct_total
attention_microbench,cross,bert_base,768,12,12,64,1,3072,1,2048,2048,2048,float16,cuda,cross_attn.k_proj,5,0.6936569698154926,0.47438801266252995,0.7641210686415434,0.11049740035402553,3.468284849077463,2.596323971052831
attention_microbench,cross,bert_base,768,12,12,64,1,3072,1,2048,2048,2048,float16,cuda,cross_attn.matmul_qk,5,7.011290406808257,6.9943570997565985,7.022546837106347,0.010075058290583909,35.056452034041286,26.242915653325078
attention_microbench,cross,bert_base,768,12,12,64,1,3072,1,2048,2048,2048,float16,cuda,cross_attn.out_projection,5,0.7404045201838017,0.7276439573615789,0.7535619661211967,0.009563797270099135,3.7020226009190083,2.7712977562099588
attention_microbench,cross,bert_base,768,12,12,64,1,3072,1,2048,2048,2048,float16,cuda,cross_attn.q_proj,5,0.73056286200881,0.7187819574028254,0.7398680318146944,0.006893951509607606,3.65281431004405,2.734460913005694
attention_microbench,cross,bert_base,768,12,12,64,1,3072,1,2048,2048,2048,float16,cuda,cross_attn.softmax,5,14.92559420876205,14.91112494841218,14.937747037038207,0.009988997348022107,74.62797104381025,55.86576609577479
attention_microbench,cross,bert_base,768,12,12,64,1,3072,1,2048,2048,2048,float16,cuda,cross_attn.v_proj,5,0.7362641859799623,0.7232609204947948,0.7566651329398155,0.011328202485892768,3.6813209298998117,2.755800688625592
attention_microbench,cross,bert_base,768,12,12,64,1,3072,1,2048,2048,2048,float16,cuda,cross_attn.weighted_sum,5,1.8791149370372295,1.865458907559514,1.9117589108645916,0.017961945072527703,9.395574685186148,7.0334349220060615
