architecture,model_family,shape_name,d_model,num_heads,num_kv_heads,head_dim,num_layers,d_ff,batch_size,seq_len,encoder_seq_len,decoder_seq_len,dtype,device,operation_key,count,avg_ms,min_ms,max_ms,std_ms,total_ms,pct_total
attention_microbench,cross,gpt2_medium,1024,16,16,64,1,4096,1,8192,8192,8192,float16,cuda,cross_attn.k_proj,5,1.1851049028337002,1.0992048773914576,1.2914768885821104,0.08500585397266848,5.925524514168501,0.8175102229292107
attention_microbench,cross,gpt2_medium,1024,16,16,64,1,4096,1,8192,8192,8192,float16,cuda,cross_attn.matmul_qk,5,52.65694637782872,52.511167945340276,52.76279500685632,0.10444443375226019,263.2847318891436,36.32386624102162
attention_microbench,cross,gpt2_medium,1024,16,16,64,1,4096,1,8192,8192,8192,float16,cuda,cross_attn.out_projection,5,1.1919394135475159,1.0964209213852882,1.3255539815872908,0.10114332878454518,5.959697067737579,0.8222248117929508
attention_microbench,cross,gpt2_medium,1024,16,16,64,1,4096,1,8192,8192,8192,float16,cuda,cross_attn.q_proj,5,1.1741494294255972,1.0993971955031157,1.276470022276044,0.08238701110947348,5.870747147127986,0.8099529075500084
attention_microbench,cross,gpt2_medium,1024,16,16,64,1,4096,1,8192,8192,8192,float16,cuda,cross_attn.softmax,5,67.8018671926111,67.57212686352432,68.1802649050951,0.2292783019262765,339.0093359630555,46.77115032695656
attention_microbench,cross,gpt2_medium,1024,16,16,64,1,4096,1,8192,8192,8192,float16,cuda,cross_attn.v_proj,5,1.1659646406769753,1.0797830764204264,1.2645991519093513,0.0808675982064225,5.829823203384876,0.8043068685719269
attention_microbench,cross,gpt2_medium,1024,16,16,64,1,4096,1,8192,8192,8192,float16,cuda,cross_attn.weighted_sum,5,19.789175828918815,19.362106919288635,20.096797961741686,0.2895439727217105,98.94587914459407,13.65098862117772
