architecture,model_family,shape_name,d_model,num_heads,num_kv_heads,head_dim,num_layers,d_ff,batch_size,seq_len,encoder_seq_len,decoder_seq_len,phase,phase_tokens,timed_repeats,dtype,device,operation_key,count,avg_ms,min_ms,max_ms,std_ms,total_ms,avg_total_ms_per_repeat,avg_total_ms_per_token,pct_total
attention_microbench,cross,bert_large,1024,16,16,64,1,4096,1,4096,4096,4096,attention_microbench,4096,5,float16,cuda,cross_attn.k_proj,5,0.868229242041707,0.682569108903408,0.9327810257673264,0.09365397293133756,4.341146210208535,0.868229242041707,0.00021197002979533863,1.561119568801642
attention_microbench,cross,bert_large,1024,16,16,64,1,4096,1,4096,4096,4096,attention_microbench,4096,5,float16,cuda,cross_attn.matmul_qk,5,16.760122636333108,16.55436586588621,16.84419414959848,0.10478516644990858,83.80061318166554,16.760122636333108,0.004091826815511013,30.13553812305036
attention_microbench,cross,bert_large,1024,16,16,64,1,4096,1,4096,4096,4096,attention_microbench,4096,5,float16,cuda,cross_attn.out_projection,5,0.8863994386047125,0.7119460497051477,0.9575169533491135,0.08843158040559611,4.431997193023562,0.8863994386047125,0.00021640611294060363,1.5937904903163052
attention_microbench,cross,bert_large,1024,16,16,64,1,4096,1,4096,4096,4096,attention_microbench,4096,5,float16,cuda,cross_attn.q_proj,5,0.8569459896534681,0.6860890425741673,0.9091959800571203,0.08558277523710198,4.284729948267341,0.8569459896534681,0.00020921532950524124,1.5408317171029526
attention_microbench,cross,bert_large,1024,16,16,64,1,4096,1,4096,4096,4096,attention_microbench,4096,5,float16,cuda,cross_attn.softmax,5,30.22940424270928,30.129941180348396,30.27115808799863,0.05150233705714589,151.1470212135464,30.22940424270928,0.007380225645192695,54.35397960742941
attention_microbench,cross,bert_large,1024,16,16,64,1,4096,1,4096,4096,4096,attention_microbench,4096,5,float16,cuda,cross_attn.v_proj,5,0.8620533626526594,0.6790498737245798,0.9214850142598152,0.09206767847797233,4.310266813263297,0.8620533626526594,0.00021046224674137193,1.550015029007372
attention_microbench,cross,bert_large,1024,16,16,64,1,4096,1,4096,4096,4096,attention_microbench,4096,5,float16,cuda,cross_attn.weighted_sum,5,5.152651807293296,4.985282896086574,5.2061500027775764,0.0840614699157714,25.76325903646648,5.152651807293296,0.0012579716326399648,9.26472546429196
