architecture,model_family,shape_name,d_model,num_heads,num_kv_heads,head_dim,num_layers,d_ff,batch_size,seq_len,encoder_seq_len,decoder_seq_len,dtype,device,operation_key,count,avg_ms,min_ms,max_ms,std_ms,total_ms,pct_total
attention_microbench,cross,t5_large,1024,16,16,64,1,4096,1,8192,8192,8192,float16,cuda,cross_attn.k_proj,5,1.2959325686097145,1.2803629506379366,1.331334002315998,0.018298005691548914,6.4796628430485725,0.888750182955831
attention_microbench,cross,t5_large,1024,16,16,64,1,4096,1,8192,8192,8192,float16,cuda,cross_attn.matmul_qk,5,52.82092043198645,52.797229029238224,52.84314602613449,0.016935734905018356,264.10460215993226,36.22457204558555
attention_microbench,cross,t5_large,1024,16,16,64,1,4096,1,8192,8192,8192,float16,cuda,cross_attn.out_projection,5,1.250898838043213,1.1245331261307001,1.28752994351089,0.06332938559519005,6.2544941902160645,0.8578660634810811
attention_microbench,cross,t5_large,1024,16,16,64,1,4096,1,8192,8192,8192,float16,cuda,cross_attn.q_proj,5,1.3336125761270523,1.2643630616366863,1.544151920825243,0.10606908115899097,6.6680628806352615,0.914591121277751
attention_microbench,cross,t5_large,1024,16,16,64,1,4096,1,8192,8192,8192,float16,cuda,cross_attn.softmax,5,67.96689420007169,67.84540507942438,68.09569196775556,0.08298893044577929,339.83447100035846,46.61167650108281
attention_microbench,cross,t5_large,1024,16,16,64,1,4096,1,8192,8192,8192,float16,cuda,cross_attn.v_proj,5,1.264977641403675,1.2530679814517498,1.2762979604303837,0.007903531948060883,6.324888207018375,0.8675213027778552
attention_microbench,cross,t5_large,1024,16,16,64,1,4096,1,8192,8192,8192,float16,cuda,cross_attn.weighted_sum,5,19.881931319832802,19.668089924380183,20.20782884210348,0.1972592008500803,99.40965659916401,13.635022782839112
